1;00005;105 52;ATHINAIKON;HOTEL;D;1;E'CLASS;31;53;Efstathia Kavadias;Athens;40 Evripidou;105 52 Athens;ATTICA - ATHENS;CENTRAL GREECE;;;;;;;;;;;grhotels@otenet.gr;;;;;;;;;;;Jan-Dec;;;;30kms;;F;F;F;F;F;F;F;F;F;F;F;F;F;F;F;F;F;F;F;F;F;F;F;F;F;F;F;F;F;F;F;F;F;F;F;F;F;F;F;F;F;F;F;F;F;F;F;F;F;F;F;F;F;F;F;F
2;00019;104 37;APOLLONION;HOTEL;C;2;2**;24;35;Sp.Pothos;Athens;1 Leonidou;104 37 Athens;ATTICA - ATHENS;CENTRAL GREECE;;;21-05224298;;;;21-05227787;;;;info@hotelapollonio.com;www.hotelapollonio.com;;;40,00 & 45,00;;60;;;;;Jan-Dec;5kms;5kms;;32kms;;T;F;F;T;F;F;F;F;F;F;F;F;F;F;F;F;F;F;F;F;F;F;F;T;F;F;F;F;F;F;F;F;F;F;F;F;F;F;F;F;F;T;F;F;F;F;F;F;F;T;F;F;F;F;F;F
3;00020;104 31;ARGOLIS;HOTEL;D;1;1*;17;31;Ger.Mouzakis;Athens;12 Pireos;104 31 Athens;ATTICA - ATHENS;CENTRAL GREECE;;;21-05222693;;;;;;;;;;;25;;45;;;;;;Jan-Dec;;;;;;F;F;F;F;F;F;F;F;F;F;F;F;F;F;F;F;F;F;F;F;F;F;F;F;F;F;F;F;F;F;F;F;F;F;F;F;F;F;F;F;F;F;F;F;F;F;F;F;F;F;F;F;F;F;F;F
4;00028;114 72;ATTIKI;HOTEL;D;1;1*;17;36;Evans Monoprossopi Ltd;Athens;37 Tsimiski;114 72 Athens;ATTICA - ATHENS;CENTRAL GREECE;;;21-03626206;;;;21-09911544;;;;;www.attikihotel.gr;;;45;;50,00 - 80,00;;;;;Jan-Dec;;;;30kms;;T;F;F;T;F;F;F;F;F;F;F;F;F;F;F;F;F;F;F;F;F;F;F;F;F;F;F;F;F;F;F;F;F;F;F;F;F;F;F;F;F;F;F;T;F;F;F;T;F;T;F;T;F;F;F;F
5;00030;105 52;BALKANIA;HOTEL;D;1;D'CLASS;22;51;A.Mentakos-P.Stergiou Co;Athens;12 Sokratous;105 52 Athens;ATTICA - ATHENS;CENTRAL GREECE;;;21-05227628;;;;;;;;;;;;;;;;;;;Jan-Dec;;;;30kms;;F;F;F;F;F;F;F;F;F;F;F;F;F;F;F;F;F;F;F;F;F;F;F;F;F;F;F;F;F;F;F;F;F;F;F;F;F;F;F;F;F;F;F;F;F;F;F;F;F;F;F;F;F;F;F;F
6;00032;105 64;KING GEORGE;HOTEL;L;5;5*****;101;210;King George Hotel,Tourist (S.A.);Athens;3,Vassileos Georgiou A';105 64 Athens;ATTICA - ATHENS;CENTRAL GREECE;;;21-03222210;;;;21-03250504;;;;info@kinggeorge.gr;www.grecotel.gr;;;;;640,00 - 990,00;1100,00 - 5200,00;;25,00 & 32,00;60;Jan-Dec;10kms;20kms;;30kms;1,50kms;T;F;T;T;F;F;F;T;F;F;T;F;T;T;F;T;T;F;F;F;T;F;F;T;F;T;F;F;F;F;F;F;F;F;F;F;F;T;F;F;F;T;T;T;F;F;T;T;T;T;F;T;F;T;T;T
7;00033;105 52;VASSILIKON;HOTEL;D;1;E'CLASS;16;36;Evridiki Sotiropoulos;Athens;5 Iktinou;105 52 Athens;ATTICA - ATHENS;CENTRAL GREECE;;;21-05228133;5247750;;;;;;;;;;;24;;30;;;;;Jan-Dec;;;;30kms;;F;F;F;F;F;F;F;F;F;F;F;F;F;F;F;F;F;F;F;F;F;F;F;F;F;F;F;F;F;F;F;F;F;F;F;F;F;F;F;F;F;F;F;F;F;F;F;F;F;F;F;F;F;F;F;F
8;00043;104 31;DELPHI ART HOTEL;TRADITIONAL HOTEL;B;3;B'CLASS;43;95;Kaleo Ltd;Athens;27,Aghiou Konstantinou;104 31 Athens;ATTICA - ATHENS;CENTRAL GREECE;;;21-05244004;5239503;;;21-05239564;;;;sales@delphiarthotel.com;www.delphiarthotel.com;;;130,00 & 160,00;;140,00 & 190,00;210,00 - 400,00;;10;18;Jan-Dec;6kms;7kms;;25kms;300m;T;F;T;T;F;F;F;F;F;F;F;F;F;T;F;F;F;F;F;F;F;F;F;F;F;F;F;F;F;F;F;F;F;F;F;F;F;F;F;F;F;T;T;T;F;F;T;T;T;T;F;F;F;F;F;T
9;00047;104 38;DODONI;HOTEL;D;1;1*;19;40;Th.Moutafis-Th.Karayannis Co;Athens;17 Mager;104 38 Athens;ATTICA - ATHENS;CENTRAL GREECE;;;21-05235472;;;;;;;;;;;;;40;;;;;;Jan-Dec;5kms;10kms;;30kms;300m;F;F;F;F;F;F;F;F;F;F;F;F;F;F;F;F;F;F;F;F;F;F;F;F;F;F;F;F;F;F;F;F;F;F;F;F;F;F;F;F;F;F;F;F;F;F;F;F;F;F;F;F;F;F;F;F
10;00048;105 54;FIVOS;HOTEL;B;3;3***;20;33;Th.Konsolas & Son Ltd;Athens;23 Athinas;105 54 Athens;ATTICA - ATHENS;CENTRAL GREECE;;;21-03226657;3244282;;;21-03219991;;;;;www.consolas.gr;;;20,00 & 24,00;;24,00 & 30,00;45,00 & 50,00;;5;;Jan-Dec;;;;30kms;;F;F;F;F;F;F;F;F;F;F;F;F;F;F;F;F;F;F;F;F;F;F;F;F;F;F;F;F;F;F;F;F;F;F;F;F;F;F;F;F;F;F;F;F;F;F;F;F;F;F;F;F;F;F;F;F
11;00050;104 31;HELICON;HOTEL;C;2;2**;24;51;G.Politis;Athens;3 Dorou;104 31 Athens;ATTICA - ATHENS;CENTRAL GREECE;;;21-05221695;5228428;;;2226-023572;;;;;;;;;50;;;;;;Jan-Dec;;;;30kms;;F;F;F;F;F;F;F;F;F;F;F;F;F;F;F;F;F;F;F;F;F;F;F;F;F;F;F;F;F;F;F;F;F;F;F;F;F;F;F;F;F;F;F;F;F;F;F;F;F;F;F;F;F;F;F;F
12;00061;104 32;ETOILE;HOTEL;D;1;D'CLASS;15;26;Nektarios Armatas;Athens;32 Tritis Septemvriou;104 32 Athens;ATTICA - ATHENS;CENTRAL GREECE;;;21-05222156;;;;;;;;;;;;;;;;;;;Jan-Dec;;;;30kms;;F;F;F;F;F;F;F;F;F;F;F;F;F;F;F;F;F;F;F;F;F;F;F;F;F;F;F;F;F;F;F;F;F;F;F;F;F;F;F;F;F;F;F;F;F;F;F;F;F;F;F;F;F;F;F;F
13;00063;104 31;EUROPA;HOTEL;C;2;2**;37;67;Angeliki Balodimos;Athens;7 Satovriandou;104 31 Athens;ATTICA - ATHENS;CENTRAL GREECE;;;21-05223081;5229031;;;;;;;;;;;30;;50,00 & 60,00;;;;;Jan-Dec;15kms;8kms;;30kms;650m;F;F;F;F;F;F;F;F;F;F;F;F;F;F;F;F;F;F;F;F;F;F;F;F;F;F;F;F;F;F;F;F;F;F;F;F;F;F;F;F;F;F;F;F;F;F;F;F;F;F;F;F;F;F;F;F
14;00064;104 37;EPHESSOS;HOTEL;D;1;1*;13;30;Efst.Makris-P.Mouhlianitis & Co;Athens;30 Agiou Konstandinou;104 37 Athens;ATTICA - ATHENS;CENTRAL GREECE;;;21-05223508;;;;21-05248333;;;;;;;;;35;;;;;;Jan-Dec;;;;30kms;;F;F;F;F;F;F;F;F;F;F;F;F;F;F;F;F;F;F;F;F;F;F;F;F;F;F;F;F;F;F;F;F;F;F;F;F;F;F;F;F;F;F;F;F;F;F;F;F;F;T;F;F;F;F;F;F
15;00066;104 32;ZENITH;HOTEL;D;1;1*;29;54;Dim.Paleoxaris & Co;Athens;13 Xouthou;104 32 Athens;ATTICA - ATHENS;CENTRAL GREECE;;;21-05245000;5240530;;;21-05245000;;;;info@hotelzenith.gr;www.hotelzenith.gr;;;40,00 & 45,00;;60;;;;;Jan-Dec;;10kms;;30kms;200m;T;F;F;T;F;F;F;F;F;F;F;F;F;F;F;F;F;F;F;F;F;F;F;F;F;F;F;F;F;F;F;F;F;F;F;F;F;F;F;F;F;T;F;F;F;F;F;F;F;T;F;F;F;F;F;F
16;00067;104 32;ART HOTEL ATHENS;TRADITIONAL HOTEL;A;4;A'CLASS;30;60;Stefan (S.A.);Athens;18 Aristotelous;104 32 Athens;ATTICA - ATHENS;CENTRAL GREECE;;;21-05240501;;;;21-05243384;;;;info@arthotelathens.gr;www.arthotelathens.gr;;;150,00 & 200,00;;180,00 - 290,00;;;12;16;Jan-Dec;;;;30kms;;T;F;T;T;F;F;F;F;F;F;T;F;F;T;F;T;F;F;F;F;F;F;F;T;F;T;T;F;F;F;F;F;F;F;F;F;F;F;F;F;F;F;F;F;F;F;F;F;F;F;F;F;F;F;F;F
17;00086;105 52;KOSMIKON;HOTEL;D;1;1*;17;31;Ch.Peppas & Son Co;Athens;7 Sokratous;105 52 Athens;ATTICA - ATHENS;CENTRAL GREECE;;;21-03253157;;;;;;;;;;;15;;25;;;;;;Jan-Dec;;;;30kms;;F;F;F;F;F;F;F;F;F;F;F;F;F;F;F;F;F;F;F;F;F;F;F;F;F;F;F;F;F;F;F;F;F;F;F;F;F;F;F;F;F;F;F;F;F;F;F;F;F;F;F;F;F;F;F;F
18;00097;104 37;LIDO;HOTEL;C;2;2**;75;140;H.Karrikos & Co;Athens;2 Nikiforou;104 37 Athens;ATTICA - ATHENS;CENTRAL GREECE;;;21-05248211;5240171;;;21-05246616;;;;;;;;47;;60;;;6;;Jan-Dec;;;;30kms;;F;T;F;F;F;F;F;F;F;F;F;F;F;F;F;F;F;F;F;F;F;F;F;F;F;F;F;F;F;F;F;F;F;F;F;F;F;F;F;F;F;F;F;F;F;F;F;F;F;F;F;F;F;F;F;F
19;00102;104 32;LAUSANNE;TRADITIONAL HOTEL;D;1;D'CLASS;31;57;Vass.Balodimos;Athens;54 Kapodistriou;104 32 Athens;ATTICA - ATHENS;CENTRAL GREECE;;;21-05223801;5226161;;;21-05245506;;;;;;;;20,00 - 45,00;;40,00 & 50,00;;;4;;Jan-Dec;;;;30kms;;F;F;F;F;F;F;F;F;F;F;F;F;F;F;F;F;F;F;F;F;F;F;F;F;F;F;F;F;F;F;F;F;F;F;F;F;F;F;F;F;F;F;F;F;F;F;F;F;F;F;F;F;F;F;F;F
20;00104;104 31;MAKEDONIA;HOTEL;D;1;1*;15;31;Maria Armatas & Co;Athens;17 Agiou Konstantinou;104 31 Athens;ATTICA - ATHENS;CENTRAL GREECE;;;21-05222275;;;;;;;;;;;;18,00 - 25,00;;22,00 - 29,00;;;;;Jan-Dec;;;;30kms;;F;F;F;F;F;F;F;F;F;F;F;F;F;F;F;F;F;F;F;F;F;F;F;F;F;F;F;F;F;F;F;F;F;F;F;F;F;F;F;F;F;F;F;F;F;F;F;F;F;F;F;F;F;F;F;F
21;00110;105 63;GRANDE BRETAGNE;HOTEL;L;5;5*****;321;594;Greek Hotels Lampsa (S.A.);Athens;1 Vass. Georgiou, Platia Sintagmatos;105 63 Athens;ATTICA - ATHENS;CENTRAL GREECE;;;21-03330000;;;;21-03228034;3228034;;;info@grandebretagne.gr;www.grandebretagne.gr;;;460,00 & 670,00;;500,00 & 780,00;720,00 - 14000,00;;32;45,00 - 65,00;Jan-Dec;10kms;8kms;;30kms;1km;T;F;T;T;T;T;F;T;F;F;T;T;T;T;T;T;T;F;F;T;T;F;F;F;F;T;T;F;F;F;F;F;F;F;F;F;F;T;F;F;F;T;T;T;F;F;T;T;T;T;F;T;F;T;T;T
22;00113;104 32;MEDITERRANEAN;HOTEL;C;2;C'CLASS;42;82;Pan.Kaloidis;Athens;28 Veranzerou;104 32 Athens;ATTICA - ATHENS;CENTRAL GREECE;;;21-05222631;;;;21-08018074;;;;;;;;;;;;;;;Jan-Dec;;;;30kms;;F;F;F;F;F;F;F;F;F;F;F;F;F;F;F;F;F;F;F;F;F;F;F;F;F;F;F;F;F;F;F;F;F;F;F;F;F;F;F;F;F;F;F;F;F;F;F;F;F;F;F;F;F;F;F;F
23;00116;105 52;ZEUS;HOTEL;D;1;1*;24;47;N.Panoutsos-N.Papathanassiou Co;Athens;27 Sofokleous;105 52 Athens;ATTICA - ATHENS;CENTRAL GREECE;;;21-03211551;3211662;;;21-03211662;;;;info@zeushostel.com;www.zeushostel.com;;;35,00 & 45,00;45,00 & 60,00;;;;;;Jan-Dec;6kms;5kms;;30kms;500m;F;T;F;F;F;F;F;F;F;F;F;F;F;F;F;F;F;F;F;F;F;F;F;F;F;F;F;F;F;F;F;F;F;F;F;F;F;F;F;F;F;F;F;F;F;F;F;F;F;F;F;F;F;F;F;F
24;00118;113 61;DORE;HOTEL;C;2;2**;24;43;Arta (S.A.);Athens;7 Agias Zonis- Kipseli;113 61 Athens;ATTICA - ATHENS;CENTRAL GREECE;;;21-08655554;;;;21-08655532;;;;info@hoteldore.gr;www.hoteldore.gr;;;80;;95;;;10;;Jan-Dec;;;;30kms;;T;F;F;T;F;F;F;F;F;F;F;F;T;F;F;F;F;F;F;F;F;F;F;F;F;F;F;F;F;F;F;F;F;F;F;F;F;F;F;F;F;T;T;T;F;F;F;T;T;T;F;F;F;F;T;T
25;00121;104 38;NEON BOSTON;HOTEL;D;1;1*;20;37;C.Phokas;Athens;32 Th. Deligiani;104 38 Athens;ATTICA - ATHENS;CENTRAL GREECE;;;21-05229864;;;;;;;;;;;18,00 & 23,00;;25,00 & 30,00;;;;;;Jan-Dec;;;;30kms;;F;F;F;F;F;F;F;F;F;F;F;F;F;F;F;F;F;F;F;F;F;F;F;F;F;F;F;F;F;F;F;F;F;F;F;F;F;F;F;F;F;F;F;F;F;F;F;F;F;F;F;F;F;F;F;F
26;00131;105 53;NEON LIDO;HOTEL;D;1;1*;17;34;Alex.Konstantopoulos;Athens;31 Menandrou;105 53 Athens;ATTICA - ATHENS;CENTRAL GREECE;;;21-05221849;;;;;;;;;;;;;35;;;;;;Jan-Dec;;;;30kms;;F;F;F;F;F;F;F;F;F;F;F;F;F;F;F;F;F;F;F;F;F;F;F;F;F;F;F;F;F;F;F;F;F;F;F;F;F;F;F;F;F;F;F;F;F;F;F;F;F;F;F;F;F;F;F;F
27;00133;104 38;NEOS OLYMPOS;HOTEL;D;1;1*;29;51;G.Hatzispyrou;Athens;38 Tr. Diligiani;104 38 Athens;ATTICA - ATHENS;CENTRAL GREECE;;;21-05223433;;;;21-05223408;;;;;;;30,00 & 40,00;;40,00 & 60,00;;;;;;Jan-Dec;;;;30kms;;F;F;F;F;F;F;F;F;F;F;F;F;F;F;F;F;F;F;F;F;F;F;F;F;F;F;F;F;F;F;F;F;F;F;F;F;F;F;F;F;F;F;F;F;F;F;F;F;F;F;F;F;F;F;F;F
28;00166;104 32;SAVOIA;HOTEL;D;1;1*;18;32;Aliki Armatas;Athens;16 Veranzerou;104 32 Athens;ATTICA - ATHENS;CENTRAL GREECE;;;21-05236260;;;;;;;;;;;20;;30;;;;;;Jan-Dec;;;;30kms;;F;F;F;F;F;F;F;F;F;F;F;F;F;F;F;F;F;F;F;F;F;F;F;F;F;F;F;F;F;F;F;F;F;F;F;F;F;F;F;F;F;F;F;F;F;F;F;F;F;F;F;F;F;F;F;F
29;00169;105 52;SERREON;HOTEL;D;1;1*;31;62;Th.& P.Kostopoulos Co;Athens;32 Sofokleous;105 52 Athens;ATTICA - ATHENS;CENTRAL GREECE;;;21-05232606;;;;;;;;;;;;15;;20;;;;;Jan-Dec;;;;30kms;;F;F;F;F;F;F;F;F;F;F;F;F;F;F;F;F;F;F;F;F;F;F;F;F;F;F;F;F;F;F;F;F;F;F;F;F;F;F;F;F;F;F;F;F;F;F;F;F;F;F;F;F;F;F;F;F
30;00171;105 54;CECIL;HOTEL;C;2;C'CLASS;39;63;Cecil Ltd;Athens;39,Athinas;105 54 Athens;ATTICA - ATHENS;CENTRAL GREECE;;;21-03218005;;;;21-03219606;;;;info@cecil.gr;;;;45,00 & 60,00;;60,00 - 105,00;90,00 & 125,00;;5;;Jan-Dec;;;;30kms;;F;F;F;F;F;F;F;F;F;F;F;F;F;F;F;F;F;F;F;F;F;F;F;F;F;F;F;F;F;F;F;F;F;F;F;F;F;F;F;F;F;F;F;F;F;F;F;F;F;F;F;F;F;F;F;F
31;00181;105 51;TEMBI;HOTEL;D;1;1*;24;42;I.Kanakis;Athens;29 Eolou;105 51 Athens;ATTICA - ATHENS;CENTRAL GREECE;;;21-03213175;;;;21-03254179;;;;tempihotel@travelling.gr;www.travelling.gr/tempihotel;;;35,00 & 45,00;;50,00 & 68,00;;;;;Jan-Dec;;;;30kms;;F;F;F;F;F;F;F;F;F;F;F;F;F;F;F;F;F;F;F;F;F;F;F;F;F;F;F;F;F;F;F;F;F;F;F;F;F;F;F;F;F;F;F;F;F;F;F;F;F;F;F;F;F;F;F;F
32;00186;104 32;APHAEA;HOTEL;D;1;D'CLASS;38;78;Androniki Faneromenitis;Athens;43 Veranzerou;104 32 Athens;ATTICA - ATHENS;CENTRAL GREECE;;;21-05229655;5239066;;;;;;;;;;;20;;30,00 & 35,00;;;;;Jan-Dec;;;;30kms;;F;F;F;F;F;F;F;F;F;F;F;F;F;F;F;F;F;F;F;F;F;F;F;F;F;F;F;F;F;F;F;F;F;F;F;F;F;F;F;F;F;F;F;F;F;F;F;F;F;F;F;F;F;F;F;F
33;00187;104 38;OREA THESSALIA;HOTEL;D;1;1*;25;56;Sp.Travlos & N.Tsiliyannis Co;Athens;23 Mayer;104 38 Athens;ATTICA - ATHENS;CENTRAL GREECE;;;21-05234686;;;;21-05227317;;;;;;;;;;50;;;;;Jan-Dec;;;;30kms;;F;F;F;F;F;F;F;F;F;F;F;F;F;F;F;F;F;F;F;F;F;F;F;F;F;F;F;F;F;F;F;F;F;F;F;F;F;F;F;F;F;F;F;F;F;F;F;F;F;F;F;F;F;F;F;F
34;00225;343 00;AEGLI;TRADITIONAL HOTEL;B;3;B'CLASS;58;109;Hotel Enterprises Aegli (S.A.);Edipsos;20 Paraliaki;343 00 Edipsos;EVIA;CENTRAL GREECE;;;2226-022215/6;;;;2226-022886;;21-08670511;;;;;;20,00 - 40,00;;25,00 - 60,00;;;5,00 & 6,00;;Joun-Oct;15m;150m;;140kms;22kms;F;T;T;T;F;F;T;F;F;F;F;F;F;F;F;F;F;F;T;F;F;F;F;T;F;F;F;F;F;F;F;F;F;F;F;F;F;F;F;F;F;F;F;F;F;T;F;T;F;T;F;F;F;F;F;F
35;00230;343 00;ANESSIS;TRADITIONAL HOTEL;C;2;C'CLASS;53;93;Eleni Papatheofanis & Co;Edipsos;9 Filellinon;343 00 Edipsos;EVIA;CENTRAL GREECE;;;2226-022248;;;;2226-060249;;21-08088244;21-06230560;;;;;22,55 & 25,85;;32,23 - 41,95;;;2,9;;Apr-Oct;100m;200m;;;50m;F;T;F;F;F;F;F;F;F;F;F;F;F;F;F;F;F;F;T;F;F;F;F;F;F;T;F;F;F;F;T;F;F;F;F;F;F;F;F;F;F;F;F;F;F;F;T;T;F;F;F;F;F;F;F;F
36;00234;343 00;AVRA;HOTEL;A;4;A'CLASS;70;141;Hotels & Baths (S.A.);Edipsos;20, 28th Oktovriou;343 00 Edipsos;EVIA;CENTRAL GREECE;;;2226-022226;;2226-022457;;2226-023260;;21-03610570;;info@avraspahotel.gr;www.avraspahotel.gr;;;59,00 & 70,00;;71,00 - 145,00;125,00 - 200,00;;8;15;Jan-Dec;20m;150m;;;;F;T;T;F;F;F;F;F;F;F;F;F;F;F;F;F;F;F;T;F;F;F;F;T;F;F;T;F;F;F;F;F;F;F;F;F;F;F;F;F;F;F;F;F;F;T;F;T;F;T;F;F;F;F;F;F
37;00237;343 00;DELFI;HOTEL;D;1;E'CLASS;26;53;Nik. Balalas;Edipsos;74,25th Martiou;343 00 Edipsos;EVIA;CENTRAL GREECE;;;2226-022242;;;;;;;;;;;15;;20;;;;;;;;;;;;F;F;F;F;F;F;F;F;F;F;F;F;F;F;F;F;F;F;F;F;F;F;F;F;F;F;F;F;F;F;F;F;F;F;F;F;F;F;F;F;F;F;F;F;F;F;F;F;F;F;F;F;F;F;F;F
38;00238;343 00;DIETHNES;HOTEL;C;2;2**;45;90;Ouzounoglou Bros Co;Edipsos;8 Irakleous;343 00 Edipsos;EVIA;CENTRAL GREECE;;;2226-023510;;;;2226-023245;;;;;;;;;;32,00 - 45,00;;;;;May-Oct;100m;100m;;;100m;F;T;F;F;F;F;F;F;F;F;F;F;F;F;F;F;F;F;F;F;F;F;F;T;F;F;F;F;F;F;F;F;F;F;F;F;F;F;F;F;F;F;F;F;F;F;T;F;F;F;F;F;F;F;F;F
39;00242;343 00;HERMES;HOTEL;B;3;3***;42;76;D. Dimitressas & P.Pittas Co;Edipsos;12 Ermou;343 00 Edipsos;EVIA;CENTRAL GREECE;;;2226-022233;22338;;;2226-023493;;2226-022233;2226-023493;;;;;34,00 & 38,00;;44,00 & 55,00;;;7;;Apr-Oct;100m;300m;;200kms;50m;F;T;T;F;F;F;F;F;F;F;F;F;F;F;F;F;F;F;T;F;F;F;F;T;F;F;F;F;F;F;F;F;F;F;F;F;F;F;F;F;F;F;F;F;F;F;T;T;F;T;F;F;F;F;F;F
40;00244;343 00;HERACLEION;HOTEL;B;3;B'CLASS;37;69;Iraklion (S.A.);Edipsos;7 Remvis;343 00 Edipsos;EVIA;CENTRAL GREECE;;;2226-022245/7;;;;2226-022245;;2221-077554;2221-077554;;;;;27,00 & 29,00;;32,00 & 35,00;;;5;;May-Oct;80m;70m;;165kms;20kms;F;F;T;T;F;F;F;F;F;F;F;F;T;F;F;F;F;F;T;F;F;F;F;T;F;T;T;F;T;F;F;F;F;F;F;F;F;F;F;F;F;F;F;F;F;F;F;T;F;T;F;F;F;F;F;F
41;00245;343 00;THERMAE SYLLA;HOTEL;L;5;5*****;108;225;Ankar (S.A.);Edipsos;;343 00 Edipsos;EVIA;CENTRAL GREECE;;;2226-060100;;;;2226-022055;;;;thermaesylla@hellasnet.gr;www.thermaesylla.gr;;;218,00 - 312,00;;232,00 - 337,00;506,00 - 645,00;;14;20;Jan-Dec;20m;400m;;;15kms;T;F;T;T;T;T;F;T;T;F;T;T;T;T;T;T;T;T;T;T;T;F;T;F;F;T;F;F;T;T;T;F;T;T;F;T;F;F;F;F;F;T;F;T;F;T;T;T;T;T;T;F;F;T;F;F
42;00247;343 00;ISTIAEA;TRADITIONAL HOTEL;C;2;C'CLASS;33;62;Istiea (S.A.);Edipsos;28th Oktovriou Ave.;343 00 Edipsos;EVIA;CENTRAL GREECE;;;2226-022049;22309;;;2226-024444;;2226-022049;;ministla@otenet.gr;;;;30,00 & 35,00;;40,00 - 62,00;;;8;;May-Oct;50m;200m;;;500m;T;T;F;T;F;F;F;F;F;F;F;F;F;F;F;F;F;F;T;T;F;F;F;F;F;F;F;F;F;F;F;F;F;F;F;F;F;F;F;F;F;F;F;F;F;F;F;F;F;T;F;F;F;F;F;F
43;00249;343 00;KENTRIKON;HOTEL;C;2;2**;49;94;Society of Successors Christou Bros;Edipsos;14, 25th Martiou;343 00 Edipsos;EVIA;CENTRAL GREECE;;;2226-022302;;;;2226-022302;;2226-023060;2226-022502;;;;;34,00 - 47,00;;39,00 - 66,00;;;7;;Joun-Oct;20m;250m;;150kms;20kms;T;F;T;T;F;F;F;F;F;F;T;F;F;F;F;T;T;F;T;T;F;F;F;T;F;F;F;F;F;F;F;F;F;F;F;F;F;F;F;F;F;F;F;F;F;T;F;F;F;T;F;F;F;F;F;F
44;00254;343 00;PALLADION;HOTEL;C;2;2**;20;44;Olga Koitsanou;Edipsos;28,25th Martiou;343 00 Edipsos;EVIA;CENTRAL GREECE;;;2226-022265;22226;;;2226-060009;;;;;;;;20,00 - 30,00;;30,00 - 45,00;;;6;;May-Sep;;;;;;F;T;F;F;F;F;F;F;F;F;F;F;F;F;F;F;F;F;F;F;F;F;F;F;F;F;F;F;F;F;F;F;F;F;F;F;F;F;F;F;F;F;F;F;F;F;F;F;F;F;F;F;F;F;F;F
45;00257;343 00;PIRAEUS;HOTEL;D;1;1*;9;17;Zoe Fotou;Edipsos;18 Vizantinon Aftokratoron;343 00 Edipsos;EVIA;CENTRAL GREECE;;;2226-022238;;;;2226-024792;;;;;;;;15;;25;;;;;Joun-Sep;100m;;;;;F;F;F;F;F;F;F;F;F;F;F;F;F;F;F;F;F;F;F;F;F;F;F;F;F;F;F;F;F;F;F;F;F;F;F;F;F;F;F;F;F;F;F;F;T;T;F;F;F;F;F;F;F;F;F;F
46;00258;343 00;STADION;TRADITIONAL HOTEL;D;1;E'CLASS;33;64;Maria Athanassiou;Edipsos;1 Makedonomahon;343 00 Edipsos;EVIA;CENTRAL GREECE;;;2226-022246;;;;;;2226-052321;;;;;;15,97 & 16,24;;20,38 & 21,48;;;;;7-9;5m;50m;;;400m;F;F;F;F;F;F;F;F;F;F;F;F;F;F;F;F;F;F;T;F;F;F;F;T;F;T;T;F;F;F;F;F;F;F;F;F;F;F;F;F;F;F;F;F;F;F;F;F;F;F;F;F;F;F;F;F
47;00261;681 00;VERGINA;HOTEL;D;1;1*;10;24;Con.Pehlivanides;Alexandroupolis;74 Karaoli Dimitriou;681 00 Alexandroupolis;EVROS (Incl. Samothraki Island);THRAKI;;;2551-023025;;;;2551-034529;;;;vagkitsop@internet.gr;;;;;;;;;;;Jan-Dec;1km;200m;;7kms;1km;F;F;F;F;F;F;F;F;F;F;F;F;F;F;F;F;F;F;F;F;F;F;F;F;F;F;F;F;F;F;F;F;F;F;F;F;F;F;F;F;F;F;F;F;F;F;F;F;F;F;F;F;F;F;F;F
48;00266;681 00;MAZESTIC;HOTEL;D;1;1*;13;23;Eleni Ghirtzis;Alexandroupolis;Platia Trouman;681 00 Alexandroupolis;EVROS (Incl. Samothraki Island);THRAKI;;;2551-026444;;;;;;;;;;;19,00 & 21,00;;28,00 & 30,00;;;;;;Jan-Dec;;;;;;F;F;F;F;F;F;F;F;F;F;F;F;F;F;F;F;F;F;F;F;F;F;F;F;F;F;F;F;F;F;F;F;F;F;F;F;F;F;F;F;F;F;F;F;F;F;F;F;F;F;F;F;F;F;F;F
49;00269;681 00;METROPOLIS;HOTEL;D;1;1*;22;49;P.Karapanagiotis & Co Ltd;Alexandroupolis;11 Ath.Diakou;681 00 Alexandroupolis;EVROS (Incl. Samothraki Island);THRAKI;;;2551-026443;;;;2551-089608;;;;;;;;35,00 - 50,00;;45,00 - 60,00;;;10;;Jan-Dec;450m;450m;;10kms;1km;T;F;F;T;F;F;F;F;F;F;F;F;F;F;F;F;F;F;F;F;F;F;F;T;F;F;F;F;F;F;F;F;F;F;F;F;F;F;F;F;F;F;F;F;F;T;F;F;F;T;F;F;F;F;F;F
50;00299;845 00;PARADISSOS;HOTEL;B;3;3***;41;76;Andros (S.A.);Andros Hora;Hora;845 00 Andros;CYCLADES ISLANDS;CYCLADES;ANDROS;;2282-022187/9;;;;2282-022340;;21-07290711;21-07290439;info@sglycabettus.gr;www.paradiseandros.gr;**;;77,50 & 91,50;;103,00 - 150,50;164,50 & 231,00;;10;;Apr-Oct;700m;700m;;;400m;F;T;F;T;F;F;F;F;F;F;F;F;F;T;F;F;F;F;F;T;F;F;F;T;F;F;F;F;F;F;T;F;F;F;F;T;F;F;F;F;F;F;F;F;F;F;T;F;F;T;F;F;F;F;F;F
51;00322;281 00;ALEGRO;HOTEL;D;1;1*;16;32;P.Sklavounakis;Argostoli;2 A. Hoida;281 00 Kefalonia;KEFALONIA;IONIAN ISLANDS;KEFALONIA;;2671-022268;28684;;;;;;;sklavounakisd@hotmail.com;;;30,00 & 35,00;40,00 - 55,00;40;50,00 & 60,00;;;;;Jan-Dec;2klm;150m;;6klm;;F;T;F;F;F;F;F;F;F;F;F;F;F;F;F;F;F;F;F;F;F;F;F;T;F;F;T;F;F;F;F;F;F;F;F;F;F;F;F;F;F;F;F;F;F;T;F;F;F;T;F;F;F;F;F;F
52;00325;584 00;AKTAEON;HOTEL;D;1;E'CLASS;19;57;Community Loutrakiou Almopias;Aridea;Loutra Loutrakiou;584 00 Aridea;PELLA;MACEDONIA;;;2384-091300;;;;2834-091170;;2834-091300;2834-091170;;;;;;;;;;;;Joun-Oct;;;13kms;;2kms;F;F;F;F;F;F;F;F;F;F;F;F;F;F;F;F;F;F;F;F;F;F;F;T;F;F;F;F;F;F;F;F;F;F;F;F;F;F;F;F;F;F;F;F;F;F;F;F;F;F;F;F;F;F;F;F
53;00326;584 00;AVRA;HOTEL;C;2;C'CLASS;51;125;Community Loutrakiou Almopias;Aridea;Loutra Loutrakiou;584 00 Aridea;PELLA;MACEDONIA;;;2384-091300;;;;2384-091170;;2384-091300;2384-091170;;;;;;;;;;;;Joun-Oct;;;13kms;;2kms;F;F;T;F;F;F;F;F;F;F;F;F;F;F;F;F;F;F;F;T;F;F;F;T;F;F;F;F;F;F;F;F;F;F;F;F;F;F;F;F;F;F;F;F;F;F;F;F;F;F;F;F;F;F;F;F
54;00330;250 16;TARTARIS;HOTEL;D;1;E'CLASS;6;13;Antigone Sofianopoulos;Aroania;;250 16 Aroania;ACHAIA;PELOPONNESE;;;2692-061213;;;;;;261-0273549;;;;;;;;;;;;;Jan-Dec;60kms;115kms;30kms;;50m;F;F;F;F;F;F;F;F;F;F;F;F;F;F;F;F;F;F;F;F;F;F;F;F;F;F;F;F;F;F;F;F;F;F;F;F;F;F;F;F;F;F;F;F;F;F;F;F;F;F;F;F;F;F;F;F
55;00352;190 12;CONSTAS;HOTEL;C;2;C'CLASS;15;28;C.Konstas;Vilia;2 Tassou Pagoni;190 12 Vilia;ATTICA - REST OF ATTICA;CENTRAL GREECE;;;2263-022960/1;;;;;;;;;;;;;;;;;;;Jan-Dec;17kms;;;;;F;F;F;F;F;F;F;F;F;F;F;F;F;F;F;F;F;F;F;F;F;F;F;F;F;F;F;F;F;F;F;F;F;F;F;F;F;F;F;F;F;F;F;F;F;F;F;F;F;F;F;F;F;F;F;F
56;00355;383 33;AEGLI;HOTEL;B;3;3***;77;154;A.& S.Mamadas A.Diri (S.A.);Volos;24 Argonafton;383 33 Volos;MAGNISSIA;THESSALIA;;;2421-025691;24471;23510;23355;2421-033006;;;;;;*;;;;;;;;;Jan-Dec;3kms;50m;;;1km;T;F;F;F;F;F;F;F;F;F;F;F;F;F;F;F;F;F;F;F;F;F;F;F;F;F;T;F;F;F;F;F;F;F;F;F;F;F;F;F;F;F;F;F;F;F;T;T;F;T;F;F;F;F;F;F
57;00379;220 10;VILLA VALOS;HOTEL;B;3;3***;51;92;Ath.Zaharopoulos;Vytina;;220 10 Vytina;ARCADIA;PELOPONNESE;;;2795-022210;22310;;;2795-022047;;2795-022210;;;www.villavalos.gr;;;55,00 & 76,00;;75,00 & 96,00;;;7;;-;;;44kms;;600m;F;F;F;T;F;F;F;F;F;F;F;F;F;F;F;F;F;F;F;F;F;F;F;T;F;F;F;F;F;F;F;F;F;F;F;F;F;F;F;F;F;F;F;F;F;F;F;T;F;T;F;F;F;F;F;F
58;00382;220 10;AEGLI;HOTEL;C;2;2**;20;36;Olympia & Fotini Filis Co;Vytina;;220 10 Vytina;ARCADIA;PELOPONNESE;;;2795-022216;22316;;;21-08055997;;;;aegli@gto.gr;www.gto.gr;;;45,00 & 50,00;;63,00 & 75,00;;;5;;Jan-Dec;;;45kms;;200m;F;F;T;T;F;F;F;F;F;F;F;F;F;F;F;F;F;F;F;F;F;F;F;T;F;F;F;F;F;F;F;F;F;F;F;F;F;F;F;F;F;F;F;T;F;F;F;T;T;T;F;F;F;F;F;F
59;00397;511 00;AEGLI;HOTEL;D;1;1*;20;26;Vaios Goussios -G.Dagoumas (S.A.);Grevena;29 Platia Emilianou;511 00 Grevena;GREVENA;MACEDONIA;;;2462-085011;;;;;;;;;;;;;;110;170;;15;;Jan-Dec;;;;;;F;F;F;F;F;F;F;F;F;F;F;F;F;F;F;F;F;F;F;F;F;F;F;F;F;F;T;F;F;F;F;F;F;F;F;F;F;F;F;F;F;F;F;F;F;F;F;F;F;T;F;F;F;F;F;F
60;00398;511 00;METROPOLIS;HOTEL;D;1;1*;17;35;Nik. Tassis;Grevena;10, 13th Oktovriou;511 00 Grevena;GREVENA;MACEDONIA;;;2462-028085;;;;;;;;;;;;30;;45;;;5;;Jan-Dec;;;;53kms;1km;F;F;F;F;F;F;F;F;F;F;F;F;F;F;F;F;F;F;F;F;F;F;F;T;F;F;T;F;F;F;F;F;F;F;F;F;F;F;F;F;F;F;F;F;F;F;F;T;F;T;F;F;F;F;F;F
61;00399;232 00;AKTAEON;HOTEL;B;3;B'CLASS;24;44;Vass.Andreakos-Aktaeon (S.A.);Githio;;232 00 Githio;LACONIA;PELOPONNESE;;;2733-023500/1;22484;;;2733-022294;;;;aktaion@hellastourism.gr;www.hellastourism.gr/aktaion;;;;;60,00 & 80,00;80,00 & 100,00;;6;;Jan-Dec;1km;100m;;63kms;500m;T;F;F;F;F;F;F;F;F;F;F;F;F;F;F;F;F;F;F;F;F;F;F;F;F;F;F;F;F;F;F;F;F;F;F;F;F;F;F;F;F;F;F;T;F;F;F;F;F;T;F;F;F;F;F;F
62;00404;330 54;KASTALIA;HOTEL;B;3;3***;25;41;Kastalia (S.A.);Delfi;13 Vassileos Pavlou & Friderikis;330 54 Delfi;FOKIDA;CENTRAL GREECE;;;2265-082205/7;;;21-06983388;2265-082208;;;;;;*;;60,00 & 70,00;;100,00 & 120,00;;;10;15,00 & 20,00;Jan-Dec;15kms;15kms;;160kms;;T;F;T;T;F;F;F;F;F;F;F;F;F;F;F;F;F;F;F;F;F;F;F;F;F;T;F;F;F;F;F;F;F;F;F;F;F;F;F;F;F;F;F;F;F;F;F;T;F;T;F;F;F;F;F;F
63;00440;192 00;MELISSA;HOTEL;C;2;2**;18;33;Elias Kalliantas & Sons Melissa (S.A.);Elefsina;21 Persefonis;192 00 Elefsina;ATTICA - REST OF ATTICA;CENTRAL GREECE;;;21-05546547;5543283;5540802;;21-05546547;;;;melissa@melissahotel.gr;www.melissahotel.gr;;;;;;92,00 - 150,00;;11,00 & 12,00;20,00 & 22,00;Jan-Dec;1km;1,5km;;40kms;600m;T;F;T;T;F;F;F;F;F;F;F;F;T;F;F;F;F;F;F;F;F;F;T;T;F;F;T;F;F;F;F;F;F;F;F;F;F;F;F;F;F;F;F;T;F;T;F;T;T;T;F;F;F;F;F;F
64;00456;270 54;DIETHNES;HOTEL;D;1;1*;16;32;Maria Adamopoulou-Panayotopoulou;Zaharo;;270 54 Zaharo;ILIA;PELOPONNESE;;;2625-031208;34000;;;2625-031208;;;;;;;;25,00 & 35,00;;35,00 - 50,00;;;5;;Jan-Dec;;;;;;F;F;F;F;F;F;F;F;F;F;F;F;F;F;F;F;F;F;F;F;F;F;F;F;F;F;F;F;F;F;F;F;F;F;F;F;F;F;F;F;F;F;F;F;F;F;F;F;F;F;F;F;F;F;F;F
65;00457;270 54;REX;HOTEL;B;3;3***;30;62;Ang.Kopanitsanou (S.A.);Zaharo;10 Dimokratias;270 54 Zaharo;ILIA;PELOPONNESE;;;2625-031221;31275;;;2625-032035;;;;;;;;60;;90,00 & 110,00;150;;7;;Jan-Dec;1km;35kms;35kms;80kms;15kms;F;F;F;F;F;F;F;F;F;F;F;F;F;F;F;F;F;F;F;F;F;F;F;T;F;F;F;F;F;F;F;F;F;F;F;F;F;F;F;F;F;F;F;F;F;F;F;F;F;T;F;F;F;F;F;F
66;00458;250 01;ROMANTZO;HOTEL;D;1;1*;8;18;Theof.Pliatsikouras;Kato Zahlorou;;250 01 Kato Zahlorou;ACHAIA;PELOPONNESE;;;2692-022758;;;;2692-022758;;;;;;;;;;30,00 - 45,00;;;;;Jan-Dec;12kms;40kms;10kms;200kms;10kms;F;F;T;F;F;F;F;F;F;F;F;F;F;F;F;F;F;F;F;F;F;F;F;F;F;F;T;F;F;F;F;F;F;F;F;F;F;F;F;F;F;F;F;F;F;F;F;F;F;F;F;F;F;F;F;F
67;00460;461 00;ACROPOLIS;HOTEL;D;1;1*;28;57;Petros  Paroussis;Igoumenitsa;58a Ethn. Antistasseos;461 00 Igoumenitsa;THESPROTIA;EPIRUS;;;2665-028346;;;;2665-022342;;;;;;;;20;;30;;;;;Jan-Dec;100m;150m;;18kms;400m;F;F;F;F;F;F;F;F;F;F;F;F;F;F;F;F;F;F;F;F;F;F;F;T;F;F;F;F;F;F;F;F;F;F;F;F;F;F;F;F;F;F;F;F;F;F;F;F;F;F;F;F;F;F;F;F
68;00465;712 01;ARCADI;HOTEL;D;1;1*;15;29;Marina Stavroulakis;Iraklio;235 Kalokerinou Ave;712 01 Iraklio;IRAKLIO;CRETE;CRETE;;281-0282077;;;;;;;;;;;;;;;;;;;Jan-Dec;;;;;;T;F;F;F;F;F;F;F;F;F;F;F;F;F;F;F;F;F;F;F;F;F;F;F;F;F;F;F;F;F;F;F;F;F;F;F;F;F;F;F;F;F;F;F;F;F;F;F;F;F;F;F;F;F;F;F
69;00497;546 25;AVEROF;HOTEL;D;1;1*;33;65;Vassiliki Hatzitheofilou-Ladopoulou;Thessaloniki;24 Sofou Ave.;546 25 Thessaloniki;THESSALONIKI;MACEDONIA;;;231-0538840;;;;231-0538498;;;;;;;;;;40,00 & 65,00;;;;;Jan-Dec;20kms;1km;;14kms;1km;F;T;F;F;F;F;F;F;F;F;F;F;F;F;F;F;F;F;F;F;F;F;F;F;F;F;F;F;F;F;F;F;F;F;F;F;F;F;F;F;F;F;F;F;F;F;F;F;F;F;F;F;F;F;F;F
70;00503;546 26;ALEXANDRIA;HOTEL;D;1;1*;28;53;I. & D. Papagrigoriou Co;Thessaloniki;18 Egnatia;546 26 Thessaloniki;THESSALONIKI;MACEDONIA;;;231-0536185;536154;;;231-0536154;;;;salalexa@otenet.gr;;;;;;50,00 - 70,00;;;;;Jan-Dec;25kms;150m;;20kms;100m;T;F;F;T;F;F;F;F;F;F;F;F;F;F;F;F;F;F;F;F;F;F;F;F;F;F;F;F;F;F;F;F;F;F;F;F;F;F;F;F;F;F;T;T;F;T;F;F;F;T;F;F;F;F;F;F
71;00504;546 26;ACROPOLE;HOTEL;D;1;1*;24;45;Ekaterini & Athina Varsamidou Co;Thessaloniki;4 El. Tantalidou;546 26 Thessaloniki;THESSALONIKI;MACEDONIA;;;231-0536170;;;;231-0528492;;;;;;;;21,29 - 29,26;;27,82 - 37,33;;;;;Jan-Dec;30kms;500m;;19kms;100m;F;T;F;F;F;F;F;F;F;F;F;F;F;F;F;F;F;F;F;F;F;F;F;T;F;F;T;F;F;F;F;F;F;F;F;F;F;F;F;F;F;F;F;F;F;F;F;F;F;F;F;F;F;F;F;F
72;00506;546 26;ATLANTIS;HOTEL;D;1;1*;25;47;D.Papagrigoriou & Co;Thessaloniki;14 Egnatia;546 26 Thessaloniki;THESSALONIKI;MACEDONIA;;;231-0540131;;;;231-0540350;;;;atlalej@otenet.gr;;;;40,00 & 45,00;;45,00 & 50,00;;;;;Jan-Dec;20kms;500m;;20kms;200m;F;T;F;F;F;F;F;F;F;F;F;F;F;F;F;F;F;F;F;F;F;F;F;F;F;F;F;F;F;F;F;F;F;F;F;F;F;F;F;F;F;F;F;T;F;T;F;F;F;T;F;F;F;F;F;F
73;00507;546 25;ATLAS;HOTEL;D;1;1*;31;58;Sofia Raptis & Co;Thessaloniki;40 Egnatia;546 25 Thessaloniki;THESSALONIKI;MACEDONIA;;;231-0537046;510038;;;231-0543507;;;;h-atlas@otenet.gr;;;;;;50,00 & 60,00;;;;;Jan-Dec;20kms;500m;;12kms;300m;F;T;F;F;F;F;F;F;F;F;F;F;F;F;F;F;F;F;F;F;F;F;F;F;F;F;F;F;F;F;F;F;F;F;F;F;F;F;F;F;F;T;F;F;F;F;F;F;F;T;F;F;F;F;F;F
74;00508;546 30;AVGOUSTOS;HOTEL;D;1;1*;22;50;Vass.Aradas;Thessaloniki;4 Elenis Svoronou & 1 Ptolemeon St.;546 30 Thessaloniki;THESSALONIKI;MACEDONIA;;;231-0522550/1;522955;;;231-0522551;;;;augustos@the.forthnet.gr;;;;;;38,00 & 45,00;;;;;Jan-Dec;20kms;500m;;15kms;1km;F;T;F;F;F;F;F;F;F;F;F;F;F;F;F;F;F;F;F;F;F;F;F;F;F;F;F;F;F;F;F;F;F;F;F;F;F;F;F;F;F;F;F;F;F;F;F;F;F;T;F;F;F;F;F;F
75;00525;546 30;ILIOS;HOTEL;D;1;1*;59;112;Kyr.Nikou;Thessaloniki;27 Egnatia;546 30 Thessaloniki;THESSALONIKI;MACEDONIA;;;231-0512620/2;;;;231-0510318;;;;info@ilios-hotel.gr;www.ilios-hotel.gr;;;40;;55;;;;;Jan-Dec;;;;;;T;F;F;F;F;F;F;F;F;F;F;F;F;F;F;F;F;F;F;F;F;F;F;F;F;F;F;F;F;F;F;F;F;F;F;F;F;F;F;F;F;F;F;F;F;F;F;F;F;T;F;F;F;F;F;F
76;00541;546 25;MINERVA;TRADITIONAL HOTEL;A;4;A'CLASS;37;73;Hotel & Tourist Enterprises Minerva (S.A.);Thessaloniki;12,Syngrou & Egnatia;546 25 Thessaloniki;THESSALONIKI;MACEDONIA;;;231-0566440;;;;231-0550684;;;;info@minervapremier.gr;www.minervapremier.gr;;;200,00 & 225,00;;225,00 & 250,00;350;;16,14;20,54;Jan-Dec;;1km;;12kms;;T;F;T;T;F;F;F;F;F;F;F;F;T;T;F;F;F;F;F;F;F;F;T;F;F;F;F;F;F;F;F;F;F;F;F;F;F;F;F;F;F;F;F;T;F;F;T;T;T;T;F;T;F;F;F;T
77;00543;546 25;CAPSIS-BRISTOL;TRADITIONAL HOTEL;L;5;L'CLASS;20;48;Tourist Enterprises Capsis-Thessalinikis (S.A.);Thessaloniki;4,Katouni & Elia Oplopiou;546 25 Thessaloniki;THESSALONIKI;MACEDONIA;;;231-0506500;;;;231-0515777;;;;bristol@the.forthnet.gr;www.capsishotel.gr;;;194;;244;380;;17;25;Jan-Dec;25kms;100m;;15kms;20kms;T;F;T;T;F;F;F;F;F;F;F;F;F;F;F;F;F;F;F;F;F;F;F;F;F;F;F;F;F;F;F;F;F;F;F;F;F;F;F;F;F;F;F;T;F;F;T;F;T;T;F;F;F;F;F;F
78;00554;546 31;ORESTIAS KASTORIA;HOTEL;D;1;1*;37;75;Maria Loukidou & Co;Thessaloniki;14 Agnostou Stratiotou & Olumpou;546 31 Thessaloniki;THESSALONIKI;MACEDONIA;;;231-0269815;276517;;;231-0276572;;;;info@okhotel.gr;www.okhotel.gr;;;38,00 & 54,00;;49,00 & 64,00;;;;;Jan-Dec;18kms;;;12kms;600m;F;T;F;F;F;F;F;F;F;F;F;F;T;F;F;F;F;F;F;F;F;F;F;T;F;F;F;F;F;F;F;F;F;F;F;F;F;F;F;F;F;T;F;F;F;T;F;F;T;T;F;F;F;F;F;F
79;00556;546 24;PALACE;HOTEL;B;3;3***;56;113;Stegi Hotel,Tourist Investment (S.A.);Thessaloniki;12 Tsimiski;546 24 Thessaloniki;THESSALONIKI;MACEDONIA;;;231-0257400;256588;242188;;231-0256589;;;;info@lepalace.gr;www.lepalace.gr;;;98,00 - 170,00;;124,00 - 170,00;;;12;16;Jan-Dec;20kms;100m;;14kms;1km;T;F;T;T;F;F;F;F;F;F;F;F;F;T;F;F;F;F;F;F;F;F;F;T;F;T;T;F;F;F;F;F;F;F;F;F;F;F;F;F;F;T;T;F;F;F;F;T;F;T;F;F;F;F;F;T
80;00567;546 24;TOURIST;HOTEL;C;2;2**;37;71;Garyfallia Boutsioukis;Thessaloniki;21 Mitropoleos;546 24 Thessaloniki;THESSALONIKI;MACEDONIA;;;231-0276335;284768;270501;;231-0226865;;;;info@touristhotel.gr;www.touristhotel.gr;;;72;;95;;;;;Jan-Dec;22kms;400m;;12kms;1km;T;F;F;F;F;F;F;F;F;F;F;F;T;F;F;F;F;F;F;F;F;F;F;F;F;F;T;F;F;F;F;F;F;F;F;F;F;F;F;F;F;T;T;F;F;T;F;F;F;T;F;T;F;F;F;F
81;00575;546 30;NEA METROPOLIS;TRADITIONAL HOTEL;B;3;B'CLASS;35;65;G.Symiakos & Co;Thessaloniki;22 Sigrou;546 30 Thessaloniki;THESSALONIKI;MACEDONIA;;;231-0525540;530363;;;231-0539910;;;;info@neametropolis.gr;www.neametropolis.gr;;;50;;60;;;6;;Jan-Dec;25kms;500m;;15kms;1,5km;F;T;F;F;F;F;F;F;F;F;F;F;F;F;F;F;F;F;F;F;F;F;F;F;F;F;F;F;F;F;F;F;F;F;F;F;F;F;F;F;F;F;F;F;F;F;F;F;F;T;F;F;F;F;F;F
82;00576;546 30;ARISTON;HOTEL;C;2;2**;41;68;Io.Kottas;Thessaloniki;5 Karaoli & Dimitriou;546 30 Thessaloniki;THESSALONIKI;MACEDONIA;;;231-0519630;539852;;;231-0539852;;;;;;;;40,00 & 45,00;;50;;;5;;Jan-Dec;20kms;500m;;13kms;500m;T;T;F;T;F;F;F;F;F;F;F;F;F;F;F;F;F;F;F;F;F;F;F;F;F;F;F;F;F;F;F;F;F;F;F;F;F;F;F;F;F;F;F;F;F;F;F;F;F;T;F;F;F;F;F;F
83;00577;546 27;REX;HOTEL;C;2;2**;59;111;Taskonides Bros & Co Ltd;Thessaloniki;39 Monastiriou;546 27 Thessaloniki;THESSALONIKI;MACEDONIA;;;231-0517051/2;;;;231-0539697;;;;gtasko@yahoo.com;;;;75,00 - 130,00;;100,00 & 150,00;;;5;;Jan-Dec;22kms;;;;;F;T;F;F;F;T;F;F;F;F;F;F;F;F;F;F;F;F;F;F;F;F;F;F;F;F;F;F;F;F;F;F;F;F;F;F;F;F;F;F;F;F;F;F;F;F;F;T;F;F;F;F;F;F;F;F
84;00587;630 75;AKANTHOS;HOTEL;D;1;E'CLASS;17;31;Chr.Adamides;Ierissos;;630 75 Ierissos;HALKIDIKI;MACEDONIA;;;2377-022359;;;;2377-023994;;2377-022885;2377-022773;adamidis@otenet.gr;;;;;;;;;;;Jan-Dec;200m;500m;118kms;;150m;F;F;F;F;F;F;F;F;F;F;F;F;F;F;F;F;F;F;F;F;F;F;F;F;F;F;T;F;F;F;F;F;F;F;F;F;F;F;F;F;F;F;F;F;F;F;F;F;F;F;F;F;F;F;F;F
85;00600;450 00;BRETANNIA;HOTEL;C;2;2**;23;43;Menelaos Kosmas;Ioannina;11A Platia Dimokratias;450 00 Ioannina;IOANNINA;EPIRUS;;;2651-026380;25174;29396;;2651-033589;;;;;;;;;;;;;;;Jan-Dec;;500m;;4kms;3kms;F;F;F;F;F;F;F;F;F;F;F;F;F;F;F;F;F;F;F;F;F;F;F;F;F;F;F;F;F;F;F;F;F;F;F;F;F;F;F;F;F;F;F;F;F;F;T;T;F;T;F;F;F;F;F;F
86;00601;454 44;METROPOLIS;HOTEL;C;2;C'CLASS;16;33;Efth.& Har.Lytsikas;Ioannina;2 C. Kristali & Averof;454 44 Ioannina;IOANNINA;EPIRUS;;;2651-026207;;;;;;;;;;;;;;;;;;;Jan-Dec;;;;3kms;3kms;F;F;F;F;F;F;F;F;F;F;F;F;F;F;F;F;F;F;F;F;F;F;F;F;F;F;F;F;F;F;F;F;F;F;F;F;F;F;F;F;F;F;F;F;F;F;F;F;F;F;F;F;F;F;F;F
87;00603;654 03;ACROPOLIS;HOTEL;C;2;2**;14;28;Pant.Tzimas;Kavala;29 El. Venizelou;654 03 Kavala;KAVALA (Incl.Thassos Island);MACEDONIA;;;251-0223543;;;;251-0832291;;;;hotel_acropolis@hotmail.com;;;;;;42,59 - 58,56;;;;;Jan-Dec;500m;50m;;42kms;1km;T;F;F;F;F;F;F;F;F;F;F;F;F;F;F;F;F;F;F;F;F;F;F;T;F;F;T;F;F;F;F;F;T;F;F;F;F;F;F;F;F;F;F;F;F;F;F;T;F;T;F;F;F;F;F;F
88;00613;270 54;ARINI;HOTEL;D;1;1*;37;101;Greek Tourist Property (S.A.);Kaiafas;;270 54 Kaiafas;ILIA;PELOPONNESE;;;2625-031710;;;;2625-031709;;2625-031710;2625-031709;;;;;;24;;;;;;May-Oct;300m;40kms;7kms;100kms;7kms;F;F;F;F;F;F;F;F;T;F;F;F;F;F;F;F;F;F;T;F;F;F;F;T;F;F;F;F;F;F;F;F;F;F;F;F;F;F;F;F;F;F;F;F;F;F;F;F;F;F;F;F;F;F;F;F
89;00615;270 54;OLYMPIA;HOTEL;C;2;2**;18;34;Greek Tourist Property (S.A.);Kaiafas;;270 54 Kaiafas;ILIA;PELOPONNESE;;;2625-031710;;;;2625-031709;;;;;;;;;;;;;;;Jan-Dec;;;;;;F;F;F;F;F;F;F;F;F;F;F;F;F;F;F;F;F;F;F;F;F;F;F;F;F;F;F;F;F;F;F;F;F;F;F;F;F;F;F;F;F;F;F;F;F;F;F;F;F;F;F;F;F;F;F;F
90;00617;250 01;MEGAS ALEXANDROS;HOTEL;D;1;1*;5;12;Evanthia Hronopoulou-Anastassovitis;Kalavrita;1 Lohagou Vass. Kapota;250 01 Kalavrita;ACHAIA;PELOPONNESE;;;2692-022221;;;;;;;;;;;;;;;;;;;Jan-Dec;;;;;;T;F;F;F;F;F;F;F;F;F;F;F;F;F;F;F;F;F;F;F;F;F;F;F;F;F;F;F;F;F;F;F;F;F;F;F;F;F;F;F;F;F;F;F;F;F;F;F;F;T;F;F;F;F;F;F
91;00634;241 00;REX;HOTEL;A;4;4****;44;84;Hotel Enterprises Kalamon Rex (S.A.);Kalamata;26 Aristomenous;241 00 Kalamata;MESSINIA;PELOPONNESE;;;2721-094440;22334;21227;;2721-023293;;;;rex@rexhotel.gr;www.rexhotel.gr;*;;58,00 - 79,00;;84,00 - 107,00;157,00 - 202,00;;9;18;Jan-Dec;3kms;2kms;;9kms;2kms;T;F;T;T;F;F;F;T;F;F;F;T;F;T;F;F;F;F;F;F;F;F;F;T;F;T;F;F;F;F;F;F;F;F;F;F;F;F;F;F;F;T;F;T;F;F;T;T;F;T;F;F;F;F;F;T
92;00667;814 00;AKTAEON;HOTEL;D;1;1*;14;28;F.Kagialikos;Mirina;2 Arvanitaki;814 00 Limnos;LESVOS;AEGEAN ISLANDS;LIMNOS;;2254-022258;23942;;;2254-024987;;;;;;;;;;37,00 & 45,00;;;;;Jan-Dec;50m;20m;;25kms;100m;F;F;F;F;F;F;F;F;F;F;F;F;F;F;F;F;F;F;F;F;F;F;F;F;F;F;F;F;F;F;F;F;F;F;F;F;F;F;F;F;F;F;F;F;F;F;F;F;F;F;F;F;F;F;F;F
93;00687;490 83;ZEPHYROS;HOTEL;D;1;D'CLASS;16;34;Irini Spiliopoulos;Paleokastritsa;;490 83 Kerkira;KERKIRA;IONIAN ISLANDS;KERKIRA;;2663-041244;41088;;;2663-042042;;2661-082263;2661-082263;hotelzef@otenet.gr;www.hotel-zefiros.gr;;;;;50,00 - 77,50;77,50 - 115,00;;4,5;;Apr-Oct;30m;200m;25kms;23kms;50m;F;F;F;F;F;F;F;F;F;F;F;F;F;F;F;F;F;F;F;F;F;F;F;T;F;F;T;F;F;F;F;F;F;F;F;F;F;F;F;F;F;F;F;F;F;F;F;F;F;F;F;F;F;F;F;F
94;00691;491 00;KONSTANTINOUPOLIS;HOTEL;C;2;2**;31;52;Monoprossopi Ltd  Constantinoupolis;Kerkira;11 Zavitsianou;491 00 Kerkira;KERKIRA;IONIAN ISLANDS;KERKIRA;;2661-048716/8;;;;2661-080716;;;;polis@ker.forthnet.gr;www.konstantinoupolis.com.gr;;;58,00 - 88,00;;78,00 - 98,00;;;7;;Jan-Dec;200m;700m;;3kms;1,5km;T;F;F;T;F;F;F;F;F;F;F;F;F;T;F;F;F;F;F;F;F;F;F;F;F;F;T;F;F;F;F;F;F;F;F;F;F;F;F;F;F;T;T;F;F;F;F;T;F;T;F;F;F;F;F;F
95;00704;145 62;THEOXENIA PALACE;HOTEL;L;5;5*****;71;146;Theoxenia Kifissias Issax (S.A);Kifissia;2 Filadelfeos & Kolokotroni, Kefalari;145 62 Kifissia;ATTICA - REST OF ATTICA;CENTRAL GREECE;;;21-06233622/6;;;;21-06231675;;;;info@TheoxeniaPalace.com;www.theoxeniapalace.com;*;;260,00 & 370,00;;290,00 - 900,00;1250,00 & 1500,00;;22;42;Jan-Dec;15kms;15kms;10kms;13kms;1km;T;F;T;T;T;F;F;F;F;F;T;F;T;T;F;T;T;F;F;T;F;F;F;T;F;F;F;F;F;F;F;F;F;F;F;F;F;F;F;F;F;T;T;T;F;F;T;T;T;T;F;F;T;F;T;F
96;00707;145 62;TWENTY ONE;HOTEL;B;3;3***;21;39;Yes (S.A.);Kifissia;21 Kolokotroni;145 62 Kifissia;ATTICA - REST OF ATTICA;CENTRAL GREECE;;;21-06233521;;;;21-06233821;;;;info@twentyone.gr;www.twentyone.gr;;;220;;275;360;;;;Jan-Dec;;;;;1km;T;F;T;T;F;F;F;F;F;F;F;F;F;F;F;F;F;F;F;F;F;F;F;T;F;F;F;F;F;F;F;F;F;F;F;F;F;F;F;F;F;F;F;T;F;F;T;F;T;T;F;F;F;F;T;F
97;00709;145 62;PENTELIKON;HOTEL;L;5;5*****;101;166;Vardis(S.A.)Hotel Enterprises;Kifissia;66 Deligiani, Kefalari;145 62 Kifissia;ATTICA - REST OF ATTICA;CENTRAL GREECE;;;21-06230650/7;;;21-08019223;21-08010314;;;;pentelik@otenet.gr;www.hotelpentelikon.gr;;;750,00 & 830,00;;890,00 & 980,00;1100,00 - 2500,00;;54;;Jan-Dec;25kms;25kms;;13kms;2kms;T;F;T;F;F;F;F;F;F;F;F;F;F;T;T;F;F;F;F;T;F;F;F;T;F;F;F;F;F;F;F;F;F;F;F;F;F;F;F;F;F;F;F;F;F;F;T;T;F;T;F;F;F;F;F;F
98;00724;501 00;PANHELLINION;HOTEL;D;1;D'CLASS;20;38;Ath.& Con.Gatziouras;Kozani;11 Xen. Triantafilidi;501 00 Kozani;KOZANI;MACEDONIA;;;2461-036006;;;;2461-021208;;;;sitas@koz.forthnet.gr;;;;;20,00 & 26,00;;;;;;Jan-Dec;;;;;100m;F;F;F;F;F;F;F;F;F;F;F;F;F;F;F;F;F;F;F;F;F;F;F;F;F;F;F;F;F;F;F;F;F;F;F;F;F;F;F;F;F;F;F;F;F;F;F;F;F;F;F;F;F;F;F;F
99;00731;691 00;ASTORIA;TRADITIONAL HOTEL;B;3;B'CLASS;14;24;Papatheodorou Bros (S.A.);Komotini;28 Platia Irinis;691 00 Komotini;RODOPI;THRAKI;;;2531-035054/5;22707;;;2531-022707;;;;astoriak@otenet.gr;www.astoriakomotini.gr;;;72;;95;;;8;;Jan-Dec;30kms;28kms;;60kms;1km;T;F;F;T;F;F;F;F;F;F;F;F;T;F;F;F;F;F;F;F;F;F;F;T;F;F;T;F;F;F;F;F;F;F;F;F;F;F;F;F;F;T;T;T;F;F;T;T;F;T;F;F;F;T;F;T
100;00734;691 00;OLYMPOS;HOTEL;C;2;2**;30;50;Hotel Enterprises Olympos (S.A.);Komotini;37 Orfeos;691 00 Komotini;RODOPI;THRAKI;;;2531-037690/2;;;;2531-037693;;;;holympos@otenet.gr;www.hotel-olympos.gr;;;50,00 & 55,00;;60,00 & 65,00;;;8;;Jan-Dec;25kms;25kms;;60kms;500m;T;F;F;T;F;F;F;F;F;F;F;F;F;F;F;F;F;F;F;F;F;F;F;T;F;F;F;F;F;F;F;F;F;F;F;F;F;F;T;F;F;T;F;T;F;F;T;T;F;T;F;F;F;F;F;T
101;00737;845 02;KORTHION;HOTEL;C;2;2**;15;26;Io.Manessis;Ormos Korthi;;845 02 Andros;CYCLADES ISLANDS;CYCLADES;ANDROS;;2282-061218;;;;2282-061118;;2282-061218;2282-061118;;www.andros.gr/manesis;;;30,00 - 45,00;;40,00 - 60,00;;;5;;Jan-Dec;5m;38kms;20kms;;100m;T;T;F;T;F;F;F;F;F;F;F;F;F;F;F;F;F;F;F;F;F;F;F;T;T;F;T;F;F;F;F;F;F;F;F;F;F;F;F;F;F;F;F;F;F;F;T;F;F;T;F;F;F;F;F;F
102;00739;201 00;ACROPOLIS;HOTEL;C;2;2**;27;49;Sp.Stamatopoulos & Co;Korinthos;25 Vass. Georgiou;201 00 Korinthos;KORINTHIA;PELOPONNESE;;;2741-026568;21104;22430;;;;;;acropoli@otenet.gr;;;;60,00 & 75,00;;70,00 & 90,00;;;5,00 & 8,00;;Jan-Dec;100m;;;;;F;F;F;F;F;F;F;F;F;F;F;F;F;F;F;F;F;F;F;F;F;F;F;T;F;F;F;F;F;F;F;F;F;F;F;F;F;F;F;F;F;F;F;F;F;F;F;F;F;F;F;F;F;F;F;F
103;00742;201 00;KONSTANDATOS;HOTEL;C;2;2**;25;48;Ghikas-Konstandatos;Korinthos;3 Dervenakion;201 00 Korinthos;KORINTHIA;PELOPONNESE;;;2741-022120;71707;25311;;2741-085634;;;;;;;;;;;;;;;Jan-Dec;80m;150m;;90kms;700m;T;F;F;F;F;F;F;F;F;F;F;F;F;T;F;F;F;F;F;F;F;F;F;T;F;F;F;F;F;F;F;F;F;F;F;F;F;F;F;F;F;F;F;F;F;F;T;T;F;T;F;F;F;F;F;F
104;00761;245 00;VASSILIKON;HOTEL;C;2;2**;24;45;Io.Hristodoulou Monotour Ltd;Kyparissia;7 Kalatzakou;245 00 Kyparissia;MESSINIA;PELOPONNESE;;;2761-022655;22455;;;2761-024413;;;;;;;;45,00 & 58,00;;55,00 & 75,00;;;;;Jan-Dec;800m;800m;;60kms;500m;T;F;F;F;F;F;F;F;F;F;F;F;F;F;F;F;F;F;F;F;F;F;F;T;F;T;T;F;F;F;F;F;F;F;F;F;F;F;F;F;F;F;F;F;F;F;F;T;F;T;F;F;F;F;F;F
105;00765;853 00;DODECANESSUS;HOTEL;D;1;1*;19;33;Argyro Hartofyllis;Kos;2 Alex. Ipsilandou;853 00 Kos;DODECANESSUS ISLANDS;DODECANESSUS;KOS;;2242-028460;22860;;;;;;;;;;;;;;;;;;Jan-Dec;500m;100m;;25kms;700m;F;T;F;F;F;F;F;F;F;F;F;F;F;F;F;F;F;F;F;F;F;F;F;F;F;F;F;F;F;F;F;F;F;F;F;F;F;F;F;F;F;F;F;F;F;F;F;F;F;F;F;F;F;F;F;F
106;00772;572 00;MEGAS ALEXANDROS;HOTEL;C;2;2**;82;152;Municipal Enterprises of Langada;Loutra Langada;;572 00 Loutra Langada;THESSALONIKI;MACEDONIA;;;2394-022488;;;;2394-023090;;;;;;;;28,00 & 32,00;;37,00 & 46,00;;;4,5;10,27;Joun-Oct;25kms;;;;;F;F;T;F;F;F;F;F;F;F;F;F;F;F;F;F;F;F;T;F;F;F;F;T;F;F;F;F;F;F;F;F;F;F;F;F;F;F;F;F;F;F;F;F;F;F;F;F;F;F;F;F;F;F;F;F
107;00797;412 23;DIETHNES;HOTEL;D;1;1*;14;23;Con. Papaefstathiou;Larissa;Platia O.S.E.;412 23 Larissa;LARISSA;THESSALIA;;;241-0234210;282749;;;241-0234210;;;;;;;;36;;46;;;4;;Jan-Dec;48kms;60kms;;4kms;2kms;F;T;F;T;F;F;F;F;F;F;F;F;F;F;F;F;F;F;F;F;F;F;F;T;F;F;F;F;F;F;F;F;F;F;F;F;F;F;F;F;F;F;F;F;F;F;F;F;F;T;F;F;F;F;F;F
108;00801;412 21;MAKEDONIA;HOTEL;D;1;1*;13;24;Dim.Tsianas;Larissa;5 Polikarpou;412 21 Larissa;LARISSA;THESSALIA;;;241-0226008;535189;;;;;;;;;;;37;;50;;;;;Jan-Dec;50kms;60kms;;2kms;300m;F;F;F;F;F;F;F;F;F;F;F;F;F;F;F;F;F;F;F;F;F;F;F;T;F;F;F;F;F;F;F;F;F;F;F;F;F;F;F;F;F;F;F;F;F;F;F;F;F;F;F;F;F;F;F;F
109;00803;412 23;NEON;HOTEL;D;1;1*;7;14;Ast.Papastergiou & Co;Larissa;Platia O.S.E.;412 23 Larissa;LARISSA;THESSALIA;;;241-0554111;;;;;;;;;;;;;30;;;;;;Jan-Dec;;;;;;F;F;F;F;F;F;F;F;F;F;F;F;F;F;F;F;F;F;F;F;F;F;T;T;F;F;F;F;F;F;F;F;F;F;F;F;F;F;F;F;F;F;F;F;F;F;F;F;F;F;F;F;F;F;F;F
110;00818;321 00;ERKYNA;HOTEL;D;1;1*;8;15;G.Hryssikos;Livadia;6 I. Lapa;321 00 Livadia;VIOTIA;CENTRAL GREECE;;;2261-081032;;;;;;;;;;;;;;;;;;;Jan-Dec;;;;;;F;F;F;F;F;F;F;F;F;F;F;F;F;F;F;F;F;F;F;F;F;F;F;T;F;F;F;F;F;F;F;F;F;F;F;F;F;F;F;F;F;F;F;F;F;F;F;F;F;F;F;F;F;F;F;F
111;00824;311 00;PATRAE;TRADITIONAL HOTEL;B;3;B'CLASS;8;15;Afendra Katopodis;Lefkada;1 Meganissiou;311 00 Lefkada;LEFKADA;IONIAN ISLANDS;LEFKADA;;2645-022359;;;;;;;;;;;;;;40,00 & 70,00;50,00 - 120,00;;;;Jan-Dec;;;;;;F;F;F;F;F;F;F;F;F;F;F;F;F;F;F;F;F;F;F;F;F;F;F;T;F;F;F;F;F;F;F;F;F;F;F;F;F;F;F;F;F;F;F;F;F;F;F;F;F;F;F;F;F;F;F;F
112;00839;203 00;PETIT PALAIS;HOTEL;C;2;2**;36;64;Marinos Skliris;Loutraki;48 G. Lekka;203 00 Loutraki;KORINTHIA;PELOPONNESE;;;2744-061977;;;;2744-061973;;;;sklirism@otenet.gr;www.petitpalais.gr;;;45,00 - 52,00;;50,00 - 60,00;60,00 - 70,00;;6;;Apr-Oct;20m;;;;;F;T;T;F;F;T;F;F;F;F;F;F;F;F;F;F;F;F;F;F;F;F;F;T;F;F;F;F;F;F;F;F;F;F;F;F;F;F;F;F;F;F;F;F;F;F;F;F;F;F;F;F;F;F;F;F
113;00840;203 00;AEGLI;HOTEL;B;3;3***;33;63;Evangelia Kontakos;Loutraki;15 G. Lekka;203 00 Loutraki;KORINTHIA;PELOPONNESE;;;2744-022344;;;;2744-022344;;;;aiglihtl@otenet.gr;www.aiglihotel.gr;;;30,00 & 40,00;;40,00 - 65,00;;;9;;Apr-Oct;10m;500m;;85kms;5kms;F;T;F;T;F;F;F;F;F;F;F;F;F;F;F;F;F;F;F;F;F;F;F;T;F;F;F;F;F;F;F;F;F;F;F;F;F;F;F;F;F;F;F;F;F;T;F;F;F;T;F;F;F;F;F;F
114;00841;203 00;AKTI LOUTRAKI;HOTEL;A;4;4****;37;69;Pan.Panayotou;Loutraki;5 G. Leka;203 00 Loutraki;KORINTHIA;PELOPONNESE;;;2744-022338;;;;2744-022160;;2744-022338;2744-022160;;;*;;50,00 & 60,00;;70,00 & 100,00;50,00 - 130,00;;10;;Apr-Oct;20m;;;80kms;1km;F;T;T;F;F;F;F;F;F;F;F;F;F;F;F;F;F;F;F;F;F;F;F;F;F;F;F;F;F;F;F;F;F;F;F;F;F;F;F;F;F;F;F;F;F;T;F;T;F;T;F;F;F;F;F;F
115;00842;203 00;ACROPOLE;HOTEL;C;2;2**;15;28;Choice Catering Hotel Tourist-Serv.Alimentation Ltd;Loutraki;11 P. Tsaldari;203 00 Loutraki;KORINTHIA;PELOPONNESE;;;2744-022265;;;;2744-061171;;;;;;;;;;;;;;;May-Oct;100m;;;110kms;1km;T;F;F;T;F;F;F;F;F;F;F;F;F;F;F;F;F;F;F;F;F;F;F;F;F;F;F;F;T;F;F;F;F;F;F;F;F;F;F;F;F;F;F;F;F;F;F;F;F;T;F;F;F;F;F;F
116;00846;203 00;ACHILLION;HOTEL;A;4;4****;52;105;Achillion-Loutraki (S.A.);Loutraki;12 El. Venizelou;203 00 Loutraki;KORINTHIA;PELOPONNESE;;;2744-022271;26725;64084;;2744-026757;;6972189946;2744-026757;;;**;;45,00 & 50,00;;70,00 - 150,00;;;10,00 & 12,00;;Apr-Oct;50m;150m;4kmsKorint;100kms;1,8km;F;T;T;T;F;F;F;F;F;F;F;F;F;F;F;F;F;F;F;F;F;F;F;F;F;F;T;F;F;F;F;F;F;F;F;F;F;F;F;F;F;F;F;F;F;T;F;T;F;T;F;F;F;F;F;F
117;00847;203 00;VASSILIKON;HOTEL;B;3;3***;30;55;Mih.Dritsas & Pan.Stavrou Co;Loutraki;10, 25th Martiou Sq.;203 00 Loutraki;KORINTHIA;PELOPONNESE;;;2744-022313;;;;2744-026659;;;;;;;;35,00 & 38,00;;50,00 & 60,00;;;3;;Apr-Oct;100m;;;;700m;T;F;F;T;F;F;F;F;F;F;F;F;F;F;F;F;F;F;F;F;F;F;F;T;F;F;F;F;F;F;F;F;F;F;F;F;F;F;F;F;F;F;F;F;F;F;F;T;F;F;F;F;F;F;F;F
118;00848;203 00;BRETAGNE;HOTEL;C;2;2**;16;32;Vas.Glykofrides;Loutraki;28 G. Lekka;203 00 Loutraki;KORINTHIA;PELOPONNESE;;;2744-022349;22640;;;2744-022640;;;;;;;;40,00 & 50,00;;40,00 - 60,00;;;8;;Jan-Dec;30m;;;;;F;T;F;F;F;F;F;F;F;F;F;F;F;F;F;F;F;F;F;F;F;F;F;F;F;F;F;F;F;F;F;F;F;F;F;F;F;F;F;F;F;F;F;F;F;F;F;F;F;F;F;F;F;F;F;F
119;00852;203 00;EXCELSIOR;HOTEL;B;3;3***;35;62;Excelsior (S.A.);Loutraki;30, Platia 25th Martiou;203 00 Loutraki;KORINTHIA;PELOPONNESE;;;2744-023806;;;;2744-022254;;;;hotel@excelsior-gr.com;www.excelsior-gr.com;;;40,00 - 90,00;;70,00 - 90,00;100,00 - 120,00;;7,5;;Jan-Dec;30m;2,5kms;;100kms;1km;T;F;T;T;F;F;F;F;F;F;T;F;T;F;F;T;F;F;F;F;F;F;F;F;F;F;F;F;F;F;F;F;F;F;F;F;F;F;F;F;F;T;T;T;F;F;T;T;T;T;F;F;F;F;F;F
120;00853;203 00;HERMES;HOTEL;D;1;E'CLASS;12;21;Io.Tzivas;Loutraki;1 Galinis;203 00 Loutraki;KORINTHIA;PELOPONNESE;;;2744-022509;;;;;;;;;;;;;;;;;;;Jan-Dec;200m;;;;;F;F;F;F;F;F;F;F;F;F;F;F;F;F;F;F;F;F;F;F;F;F;F;F;F;F;F;F;F;F;F;F;F;F;F;F;F;F;F;F;F;F;F;F;F;F;F;F;F;F;F;F;F;F;F;F
121;00856;203 00;THEOXENIA;HOTEL;A;4;4****;26;50;Hotel Enterprises Theoxenia-Loutrakiou (S.A.);Loutraki;17 G. Lekka;203 00 Loutraki;KORINTHIA;PELOPONNESE;;;2744-022257;28166;;;2744-028166;;21-07237648;21-07221193;hoteltheoxenia@hotmail.gr;;;;55,00 & 65,00;;80,00 - 90,00;;;6,00 & 8,00;;Jan-Dec;5m;150m;;90kms;3kms;T;F;F;F;F;F;F;F;F;F;F;F;F;F;F;F;F;F;F;F;F;F;F;F;F;F;F;F;F;F;F;F;F;F;F;F;F;F;F;F;F;F;F;T;F;F;T;T;F;T;F;F;F;F;F;F
122;00858;203 00;ISTHMIA;HOTEL;C;2;2**;24;44;G.Hatzinas;Loutraki;35 El. Venizelou;203 00 Loutraki;KORINTHIA;PELOPONNESE;;;2744-022510;64181;;;2744-021301;;;;;;;;60,00 & 90,00;;80,00 & 110,00;;;10;;Jan-Dec;50m;3kms;;100kms;300m;T;F;F;T;F;F;F;F;F;F;F;F;F;F;F;F;F;F;F;F;F;F;F;F;F;F;F;F;F;F;F;F;F;F;F;F;F;F;F;F;F;F;F;F;F;T;F;F;F;T;F;F;F;F;F;F
123;00860;203 00;KARELION;HOTEL;A;4;4****;40;76;Maro Meletakou Hotel Ltd;Loutraki;23 G. Lekka;203 00 Loutraki;KORINTHIA;PELOPONNESE;;;2744-022347;;;;2744-022403;;2744-022347;;;;*;;50,00 - 70,00;;60,00 - 140,00;;;5;;Apr-Oct;5m;1km;;;1,5km;F;T;F;F;F;F;F;F;F;F;F;F;F;F;F;F;F;F;F;F;F;F;F;T;F;F;F;F;F;F;F;F;F;F;F;F;F;F;F;F;F;F;F;F;F;F;F;T;F;T;F;F;F;F;F;F
124;00862;203 00;KOSMOPOLIT;HOTEL;C;2;2**;36;69;Io.Mantas (S.A.);Loutraki;Ilia Spirogiannaki 6;203 00 Loutraki;KORINTHIA;PELOPONNESE;;;2744-022336;69050;;;2744-069051;;2744-022336;;;www.kosmopolit.gr;;;40,00 & 50,00;;50,00 & 75,00;;;5,00 & 7,00;;Jan-Dec;70m;6kmsKorin.;;80kms;1km;T;F;F;T;F;F;F;F;F;F;F;F;F;T;F;F;F;F;F;T;F;F;F;T;F;F;F;F;F;F;F;F;F;F;F;F;F;F;F;F;F;T;F;T;F;T;T;T;F;T;F;F;F;F;T;F
125;00865;203 00;MARRION;HOTEL;C;2;2**;49;93;Marrion (S.A.);Loutraki;36 G. Lekka;203 00 Loutraki;KORINTHIA;PELOPONNESE;;;2744-022346;;;;2744-063689;;;;marion@kor.forthnet.gr;;;;40,00 & 50,00;;60,00 - 130,00;;;10;;Jan-Dec;20m;200m;;80kms;500m;T;F;F;F;F;F;F;F;F;F;F;F;F;F;F;F;F;F;F;F;F;F;F;T;F;F;T;F;F;F;F;F;F;F;F;F;F;F;F;F;F;F;F;F;F;F;T;T;F;T;F;F;F;F;F;F
126;00866;203 00;GRAND HOTEL;HOTEL;C;2;2**;30;58;Grand Hotel (S.A.);Loutraki;14 El. Venizelou;203 00 Loutraki;KORINTHIA;PELOPONNESE;;;2744-022348;;;;;;2744-022348;;;;;;35,00 & 40,00;;45,00 & 58,00;;;5;;Apr-Oct;30m;;;;1km;F;T;F;F;F;F;F;F;F;F;F;F;F;F;F;F;F;F;F;F;F;F;F;F;F;F;F;F;F;F;F;F;F;F;F;F;F;F;F;F;F;F;F;F;F;F;F;T;F;F;F;F;F;F;F;F
127;00871;203 00;BELLE VUE;HOTEL;C;2;2**;12;22;Laz.Triantafyllides;Loutraki;2,K.Boleti;203 00 Loutraki;KORINTHIA;PELOPONNESE;;;2744-026747;;;;2744-062534;232188;;;;;;;40,00 - 50,00;;55,00 - 70,00;;;10;;Mar-Oct;60m;;;;;T;F;F;T;F;F;F;F;F;F;F;F;F;F;F;F;F;F;F;F;F;F;F;T;F;F;F;F;F;F;F;F;F;F;F;F;F;F;F;F;F;F;F;F;F;T;F;F;F;T;F;F;F;F;F;F
128;00872;203 00;EKONOMION;HOTEL;C;2;2**;25;48;Alex.Ekonomou;Loutraki;Kentriki Platia;203 00 Loutraki;KORINTHIA;PELOPONNESE;;;2744-022326;;;;2744-028594;;;;;;;;30,00 & 35,00;;35,00 & 40,00;;;6;;Jan-Dec;100m;;;;;T;F;F;F;F;F;F;F;F;F;F;F;F;F;F;F;F;F;F;F;F;F;F;T;F;F;F;F;F;F;F;F;F;F;F;F;F;F;F;F;F;F;F;F;F;T;F;F;T;T;F;F;F;F;T;F
129;00875;203 00;AGELIDIS PALACE HOTEL;TRADITIONAL HOTEL;A;4;A'CLASS;43;83;Hotel Enterprises G.Agelides (S.A.);Loutraki;19 G. Lekka;203 00 Loutraki;KORINTHIA;PELOPONNESE;;;2744-026695/6;28231;21490;;2744-063164;;;;agelidis@hotelpalace.gr;www.hotelpalace.gr;*;;50,00 & 60,00;;70,00 - 90,00;100,00 - 140,00;;10,00 & 15,00;20,00 & 30,00;Jan-Dec;3m;100m;;85kms;1km;T;F;T;F;F;T;F;F;F;F;F;F;F;T;F;F;F;F;F;F;F;F;F;T;F;F;F;F;F;F;F;F;F;F;F;F;F;F;F;F;F;T;F;F;F;F;T;T;F;T;F;F;F;F;T;F
130;00880;203 00;PLAZA;HOTEL;C;2;2**;27;50;Hariklia Ploumidou & Co;Loutraki;32 Platia 25th Martiou;203 00 Loutraki;KORINTHIA;PELOPONNESE;;;2744-022260;;;;2744-022252;;;;;;;;30;;55;;;6;;Jan-Dec;15m;10kms;;80kms;1kms;T;F;F;F;F;F;F;F;F;F;F;F;F;F;F;F;F;F;F;F;F;F;F;F;F;F;F;F;F;F;F;F;T;F;F;F;F;F;F;F;F;F;F;F;F;F;F;T;F;T;F;F;F;F;F;F
131;00886;203 00;MITZITHRA;HOTEL;C;2;2**;43;83;Tourist Enterprises Nik.& Maria Mitzithras Co;Loutraki;25 El. Venizelou;203 00 Loutraki;KORINTHIA;PELOPONNESE;;;2744-026260;26795;;;2744-026277;;2744-022829;2744-026260;mizithra@otenet.gr;www.mitzithras.gr;;;30,00 & 40,00;;50,00 & 65,00;65,00 & 80,00;;6;;Jan-Dec;20m;20kms;;110kms;20kms;F;T;F;F;F;T;F;F;F;F;F;F;F;F;F;F;F;F;F;F;F;F;F;F;F;F;F;F;F;F;F;F;F;F;F;F;F;F;F;F;F;F;F;F;F;F;T;T;F;T;F;F;F;F;F;F
132;00908;180 30;PIGAE;TRADITIONAL HOTEL;A;4;A'CLASS;22;38;G.Nanos & Co;Methana;1 25th Martiou;180 30 Methana;ATTICA - REST OF ATTICA;CENTRAL GREECE;;;2298-092258;;;;2298-092258;;2298-092258;;;;;;30,00 & 35,00;;50,00 & 60,00;;;2;;Joun-Oct;150m;300m;23kms;;500m;T;F;F;T;F;F;F;F;F;F;F;F;F;F;F;T;T;F;T;T;F;F;F;T;T;F;F;F;F;F;F;F;F;F;F;F;F;F;F;F;F;F;F;F;F;F;T;F;F;T;F;F;F;F;F;F
133;00929;212 00;OREA ELENI TOU MENELAOU;HOTEL;D;1;1*;5;10;G.Dassis;Mycenae;15 Hr. Tsounta;212 00 Mycenae;ARGOLIDA;PELOPONNESE;;;2751-076225;76434;;;2751-076179;;2751-076225;2751-076179;;;;;;;40;;;6;;Apr-Oct;10kms;15kms;8kms;130kms;500m;F;T;T;F;F;F;F;F;F;F;F;F;F;F;F;F;F;F;F;F;F;F;F;T;F;F;F;F;F;F;F;F;F;F;F;F;F;F;F;F;F;F;F;F;F;F;F;F;F;F;F;F;F;F;F;F
134;00933;846 00;LETO;HOTEL;A;4;4****;25;48;Tourist Enterprises Leto (S.A.);Mikonos (Town);;846 00 Mikonos (Town);CYCLADES ISLANDS;CYCLADES;MIKONOS;;2289-022207;22918;;;2289-024365;293342;2289-022207;2289-023985;Leto@myk.forthnet.gr;www.letohotel.com;**;;150,00 - 295,00;;195,00 - 375,00;;;15,00 & 20,00;40,00 & 45,00;Jan-Dec;30m;200m;;3kms;1km;T;F;T;T;T;F;F;F;F;F;F;F;F;F;F;F;F;F;F;T;F;F;F;F;F;F;T;F;F;F;F;T;F;F;F;F;F;F;F;F;F;F;F;T;F;F;T;T;T;T;F;F;F;F;F;F
135;00942;811 00;ORFEAS;TRADITIONAL HOTEL;C;2;C'CLASS;20;26;Con.Alvanopoulos;Mitilini;3 Kalsakouli Kioski;811 00 Lesvos;LESVOS;AEGEAN ISLANDS;LESVOS;;2251-028523;43466;42650;;2251-021930;;;;info@orfeas-hotel.com;www.orfeas-hotel.com;;;50,00 & 80,00;;60,00 & 90,00;;;5;;Jan-Dec;200m;100m;;7kms;1km;T;F;F;T;F;F;F;F;F;F;F;F;F;F;F;F;F;F;F;F;F;F;F;T;F;T;F;F;F;F;F;F;F;F;F;F;F;F;F;F;F;T;T;T;F;T;T;T;F;T;F;F;T;F;F;F
136;00944;843 00;PANTHEON;HOTEL;D;1;1*;5;9;Vass.Georgiades;Naxos (Town);Palia Hora;843 00 Naxos (Town);CYCLADES ISLANDS;CYCLADES;NAXOS;;2285-024335;;;;;;21-08053704;;;;;;40,00 & 45,00;;50,00 & 55,00;;;;;6-8;300m;200m;;3kms;700m;F;F;F;F;F;F;F;F;F;F;F;F;F;F;F;F;F;F;F;F;F;F;F;F;F;F;F;F;F;F;F;F;F;F;F;F;F;F;F;F;F;F;F;F;F;F;F;F;F;F;F;F;F;F;F;F
137;00951;303 00;DIETHNES;HOTEL;D;1;1*;4;9;Sp.Kokkinis;Nafpaktos;3 Messolongiou;303 00 Nafpaktos;ETOLOAKARNANIA;CENTRAL GREECE;;;2634-027342;;;;;;;;;;;;;;50;;;;;Jan-Dec;;;;;;F;T;F;F;F;F;F;F;F;F;F;F;F;F;F;F;F;F;F;F;F;F;F;F;F;F;F;F;F;F;F;F;F;F;F;F;F;F;F;F;F;F;F;F;F;F;F;F;F;F;F;F;F;F;F;F
138;00956;211 00;GRANDE BRETAGNE;TRADITIONAL HOTEL;A;4;A'CLASS;20;39;Evrodomous (S.A.);Nafplio;Platia Filellinon;211 00 Nafplio;ARGOLIDA;PELOPONNESE;;;2752-096200;26907;;;2752-096209;;;;info@grandebretagne.com.gr;www.grandebretagne.com.gr;;;140,00 & 150,00;;200,00 & 230,00;230,00 & 250,00;;15,00 & 20,00;25,00 & 30,00;Jan-Dec;;;;;;F;F;F;F;F;F;F;F;F;F;F;F;F;F;F;F;F;F;F;F;F;F;F;F;F;F;F;F;F;F;F;F;F;F;F;F;F;F;F;F;F;F;F;F;F;F;F;F;F;F;F;F;F;F;F;F
139;00999;204 00;HERMES;HOTEL;D;1;1*;23;58;Anna Apostolopoulos;Xylokastro;95 I. Ioannou;204 00 Xylokastro;KORINTHIA;PELOPONNESE;;;2743-022250;;;;;;;;nikapos@panafonet.gr;;;;27;;45;;;;;Jan-Dec;120m;;;;1km;F;T;F;F;F;F;F;F;F;F;F;F;F;F;F;F;F;F;F;F;F;F;F;T;F;F;F;F;F;F;F;F;F;F;F;F;F;F;F;F;F;F;F;F;F;F;F;F;F;F;F;F;F;F;F;F
140;01006;682 00;VIENNI;HOTEL;C;2;2**;79;146;N.Ioannides Hotel Vienni (S.A.);Orestiada;50, Orestou;682 00 Orestiada;EVROS (Incl. Samothraki Island);THRAKI;;;2552-022578;29190;22602;22503;2552-022258;;;;hotel_vienni@mail.gr;;;;;;;;;;;Jan-Dec;110kms;110kms;;100kms;300m;T;F;T;T;F;F;F;F;F;F;F;F;F;T;F;F;F;F;F;T;T;F;F;F;F;F;T;F;F;F;F;F;F;F;F;F;F;F;F;F;F;T;F;F;F;T;F;T;T;T;F;F;F;F;F;F
141;01008;175 61;AVRA;HOTEL;C;2;2**;39;70;Pan.Armatas & Co;Paleo Faliro;3 Nireos;175 61 Paleo Faliro;ATTICA - REST OF ATTICA;CENTRAL GREECE;;;21-09814064/5;;;;21-09814571;;;;avrahot@otenet.gr;www.avrahotel.gr;;;60,00 - 80,00;;80,00 - 110,00;110,00 - 150,00;;12;;Jan-Dec;500m;5kms;6kms;30kms;3kms;T;F;F;T;F;F;F;F;F;F;F;F;T;F;F;F;F;F;F;F;F;F;F;T;F;F;F;F;F;F;F;F;F;F;F;F;F;F;F;F;F;T;F;F;F;F;F;T;F;T;F;F;F;F;F;F
142;01024;136 74;CYCLAMINA;HOTEL;C;2;2**;14;25;Vassiliki Stamatoukou;Parnitha;Agia Triada;136 74 Parnitha;ATTICA - REST OF ATTICA;CENTRAL GREECE;;;21-02460874;;;;;;;;;;;;20,00 & 25,00;;25,00 & 30,00;;;3;5;Jan-Dec;40kms;;33kms;;;F;F;T;F;F;F;F;F;F;F;F;F;F;F;F;F;F;F;F;F;F;F;F;T;F;F;F;F;F;F;F;F;F;F;F;F;F;F;F;F;F;F;F;F;F;F;F;F;F;F;F;F;F;F;F;F
143;01041;262 21;HELLAS;HOTEL;D;1;D'CLASS;16;32;Sp.& Dionyssia Zavitsanos;Patra;14 Ag. Nikolaou;262 21 Patra;ACHAIA;PELOPONNESE;;;261-0273352;;;;;;;;;;;;;;;;;;;Jan-Dec;2kms;200m;;;;F;F;F;F;F;F;F;F;F;F;F;F;F;F;F;F;F;F;F;F;F;F;F;F;F;F;F;F;F;F;F;F;F;F;F;F;F;F;F;F;F;F;F;F;F;F;F;F;F;F;F;F;F;F;F;F
144;01047;262 21;METROPOLIS;HOTEL;D;1;D'CLASS;21;40;Con.Konstantopoulos;Patra;Pl. Trion Simahon;262 21 Patra;ACHAIA;PELOPONNESE;;;261-0277535;;;;;;;;;;;;;;;;;;;Jan-Dec;5kms;200m;;30kms;3kms;F;F;F;F;F;F;F;F;F;F;F;F;F;F;F;F;F;F;F;F;F;F;F;F;F;F;F;F;F;F;F;F;F;F;F;F;F;F;F;F;F;F;F;F;F;F;F;F;F;F;F;F;F;F;F;F
145;01069;185 31;IKAROS;HOTEL;D;1;E'CLASS;17;41;Odyss.Spentzos;Pireas;18 Leoharous;185 31 Pireas;ATTICA - PIRAEUS;CENTRAL GREECE;;;21-04129305/6;;;;21-04177024;;;;;;;;;;40,00 & 50,00;;;;;Jan-Dec;;;;40kms;;F;F;F;F;F;F;F;F;F;F;F;F;F;F;F;F;F;F;F;F;F;F;F;F;F;F;F;F;F;F;F;F;F;F;F;F;F;F;F;F;F;F;F;F;F;F;F;F;F;F;F;F;F;F;F;F
146;01080;184 50;NEA SMYRNI;HOTEL;D;1;1*;19;26;Pant.Palgemezis-V.Balanakis & Co;Nikea;13 Kiprou;184 50 Nikea;ATTICA - REST OF ATTICA;CENTRAL GREECE;;;21-04912355;;;;21-04933363;;;;;;;;45;;60;;;;;Jan-Dec;10kms;4kms;;15kms;1km;F;F;F;F;F;F;F;F;F;F;F;F;F;F;F;F;F;F;F;F;F;F;F;F;F;F;T;F;F;F;F;F;F;F;F;F;F;F;F;F;F;F;F;F;F;F;F;F;F;F;F;F;F;F;F;F
147;01096;185 31;SPARTI;HOTEL;D;1;1*;22;51;Eleni Krontiras;Pireas;18 Kapodistriou;185 31 Pireas;ATTICA - PIRAEUS;CENTRAL GREECE;;;21-04177882;;;;;;;;;;;;;;50;;;;;Jan-Dec;2kms;200m;;40kms;1,5km;F;F;F;F;F;F;F;F;F;F;F;F;F;F;F;F;F;F;F;F;F;F;F;F;F;F;F;F;F;F;F;F;F;F;F;F;F;F;F;F;F;F;F;F;F;F;F;F;F;F;F;F;F;F;F;F
148;01117;180 20;MANESSI;HOTEL;C;2;2**;16;25;Kyr.Manessis (S.A.);Poros;Paralia;180 20 Poros;ATTICA - SARONIC ISLANDS;CENTRAL GREECE;POROS;;2298-022273;;;;2298-024345;;;;manessis@otenet.gr;www.manessi.com;;;63,00 - 74,00;;73,00 - 83,00;;;5;;Jan-Dec;1,5km;15m;;;200m;T;F;F;T;F;F;F;F;F;F;F;F;F;F;F;F;F;F;F;F;F;F;F;F;F;F;F;F;F;F;F;F;F;F;F;F;F;F;F;F;F;F;F;F;F;F;F;F;F;T;F;F;F;F;F;F
149;01120;180 20;NEON AEGLI;HOTEL;B;3;3***;74;136;Kyr.Manessis Hotel,Tourist Enterprises (S.A.);Poros;Askeli;180 20 Poros;ATTICA - SARONIC ISLANDS;CENTRAL GREECE;POROS;;2298-022372;23200;24435;24083;2298-024345;;2298-022372;2298-024345;manessis@otenet.gr;www.newaegli.com;;;66,00 - 77,00;;77,00 - 90,00;;;6;15;Apr-Oct;15m;1,5km;1,5km;;2kms;T;F;T;T;T;F;F;F;F;F;F;F;F;T;F;F;F;F;F;T;F;F;F;T;F;F;F;F;F;F;F;F;T;F;F;F;F;F;F;F;F;F;F;T;F;T;F;F;F;T;F;F;F;F;F;F
150;01122;370 11;KRITSA;HOTEL;C;2;2**;8;12;Eleni Karaiskou;Portaria;;370 11 Portaria;MAGNISSIA;THESSALIA;;;2428-099121;90008;;;2428-090006;;;;info@hotel-kritsa.gr;www.hotel-kritsa.gr;;;80,00 & 100,00;;90,00 & 120,00;100,00 & 140,00;;8;;Jan-Dec;14kms;14kms;14kms;25kms;10m;F;F;T;T;F;F;F;F;F;F;F;F;F;F;F;F;F;F;F;F;F;F;F;F;F;F;F;F;F;F;F;F;F;F;F;F;F;F;T;F;F;T;F;F;F;T;F;T;F;T;F;F;F;F;F;T
151;01146;271 00;PANTHEON;HOTEL;C;2;2**;47;89;Xanthi Svoukas-Sot.Pittas;Pyrgos;7 Themistokleous;271 00 Pyrgos;ILIA;PELOPONNESE;;;2621-029746/8;;;;2621-036791;;;;pantheon@mailbox.gr;;;;55;;78;;;6;;Jan-Dec;3kms;13kms;;;500m;T;F;F;T;F;F;F;F;F;F;T;F;F;F;F;F;F;F;F;F;F;F;T;T;F;T;F;F;F;F;F;F;F;F;F;F;F;F;F;F;F;T;F;T;F;T;T;T;T;T;F;F;F;F;F;T
152;01150;190 09;AKTI;HOTEL;B;3;3***;12;28;G.Stambelos;Rafina;14 Vithinias;190 09 Rafina;ATTICA - REST OF ATTICA;CENTRAL GREECE;;;2294-029370;;;;2294-029373;;;;;;;;50,00 - 70,00;;60,00 - 90,00;;;7;;Jan-Dec;200m;80m;27kms;11kms;50m;T;F;T;T;F;T;F;F;F;F;T;T;T;T;F;F;F;F;F;F;F;F;F;T;F;T;F;F;F;F;F;F;F;F;F;F;F;F;F;F;F;T;T;T;F;T;F;T;F;T;F;F;F;F;F;T
153;01151;190 09;CORALI;HOTEL;D;1;1*;16;32;G.Frangos;Rafina;11 N. Plastira;190 09 Rafina;ATTICA - REST OF ATTICA;CENTRAL GREECE;;;2294-022477;;;;21-06923457;;;;corali_hotel_rafina@hotmail.com;;;;35,00 - 50,00;;50,00 - 70,00;70,00 - 110,00;;;;Jan-Dec;150m;100m;23kms;17kms;4kms;T;F;F;F;F;F;F;F;F;F;F;F;F;F;F;F;F;F;F;F;F;F;F;F;F;F;F;F;F;F;F;F;F;F;F;F;F;F;F;F;F;T;F;F;F;T;F;F;F;T;F;F;F;F;F;F
154;01169;851 00;KAMIROS;HOTEL;A;4;4****;48;90;Hotel Kamiros (S.A.);Rodos (Town);;851 00 Rodos;DODECANESSUS ISLANDS;DODECANESSUS;RHODOS;;2241-022591/3;;;;2241-022349;;;;kamiros@otenet.gr;;;;65,00 - 90,00;;90,00 - 130,00;;;8,50 & 10,00;;Jan-Dec;200m;2kms;;;5kms;T;F;F;T;F;F;F;F;F;F;F;F;F;T;F;F;F;F;F;F;F;F;F;F;F;F;F;F;F;F;F;F;F;F;F;F;F;F;F;F;F;F;F;T;F;F;F;F;F;T;F;F;F;F;F;F
155;01176;623 00;PIGHI;HOTEL;C;2;2**;73;142;Community Sidirokastrou;Sidirokastro;Lofos Loutron;623 00 Sidirokastro;SERRES;MACEDONIA;;;2323-022422;;;;2323-024858;;;;sales@spa.gr;www.spa.gr;;;;;45,00 & 55,00;80;;5;9;Jan-Dec;;80kms;6kms;120kms;3kms;T;F;T;F;F;F;F;F;F;F;F;F;F;F;F;F;F;F;T;T;F;F;T;T;F;F;F;F;F;F;F;F;F;F;F;F;F;F;F;F;F;F;F;F;F;F;F;F;F;F;F;F;F;F;F;F
156;01191;621 22;METROPOLIS;HOTEL;C;2;2**;30;54;P.Yannopoulos-A.Tsoukalos Co;Seres;49 Solomou;621 22 Seres;SERRES;MACEDONIA;;;2321-054433;63065;22271;98436;2321-098435;;;;metropol@otenet.gr;www.serreshotel.gr;;;31;;52,00 & 70,00;;;;;Jan-Dec;65kms;85kms;;85kms;2000kms;F;T;F;F;F;F;F;F;F;F;F;F;F;F;F;F;F;F;F;F;F;F;F;T;F;F;F;F;F;F;F;F;F;F;F;F;F;F;F;F;F;T;F;T;F;F;T;F;F;T;F;F;F;F;F;T
157;01206;370 02;AKTI;HOTEL;C;2;2**;15;27;Ang.Prevezanos-Io.Tsomos Co;Skiathos;26 Georgiadi;370 02 Skiathos;SPORADES ISLANDS;SPORADES;SKIATHOS;;2427-022024;;;;;;2427-021121;;helio@n-skiathos.gr;www.heliotropio.gr;;;45,00 - 80,00;;45,00 - 80,00;100,00 - 170,00;;7,5;;Apr-Oct;1km;5m;;1,5km;500m;F;F;F;F;F;F;F;F;F;F;F;F;F;F;F;F;F;F;F;F;F;F;F;F;F;F;T;F;F;F;F;F;F;F;F;F;F;F;F;F;F;F;F;F;F;F;F;F;F;F;F;F;F;F;F;F
158;01211;430 68;AEGLI;HOTEL;D;1;1*;33;62;Sot.Antonopoulos;Smokovo;;430 68 Smokovo;KARDITSA;THESSALIA;;;2443-061211;;;;;;2443-061211;;;;;9,91;;13,22;;;;;;Joun-Oct;;;35kms;;200m;F;F;T;F;F;F;F;F;T;F;F;F;F;F;F;F;F;F;F;F;F;F;F;T;F;F;F;F;F;F;F;F;F;F;F;F;F;F;F;F;F;F;F;F;F;F;F;F;F;F;F;F;F;F;F;F
159;01220;231 00;CECIL;HOTEL;D;1;1*;13;27;Ekaterini Katranis;Sparti;125 K. Paleologou;231 00 Sparti;LACONIA;PELOPONNESE;;;2731-024980;;;;2731-081318;;;;;;;;35,00 & 40,00;;45,00 - 55,00;;;;;Jan-Dec;;;;;;T;F;F;F;F;F;F;F;F;F;F;F;F;F;F;F;F;F;F;F;F;F;F;T;F;F;F;F;F;F;F;F;F;F;F;F;F;F;F;F;F;F;F;F;F;F;F;T;F;T;F;F;F;F;F;F
160;01221;231 00;MENELAION;HOTEL;B;3;3***;48;80;Menelaion (S.A.);Sparti;91 K. Paleologou;231 00 Sparti;LACONIA;PELOPONNESE;;;2731-022161/5;;;;2731-026332;;;;info@menelaion.com;www.menelaion.com;;;64;;78;;;9;18;Jan-Dec;45kms;45kms;;60kms;1,5kms;T;F;T;T;T;F;F;F;F;F;F;F;F;F;F;F;F;F;F;T;F;F;F;F;F;T;T;F;F;F;F;F;F;F;F;F;F;F;F;F;F;F;F;T;F;F;F;T;F;T;F;F;F;F;F;F
161;01223;231 00;PANHELLINION;HOTEL;D;1;D'CLASS;14;30;Panayota Plevritis;Sparti;65 K. Paleologou;231 00 Sparti;LACONIA;PELOPONNESE;;;2731-028031;;;;2731-021055;;;;;;;;;;;;;;;Jan-Dec;;;;;;F;F;F;F;F;F;F;F;F;F;F;F;F;F;F;F;F;F;F;F;F;F;F;T;F;T;F;F;F;F;F;F;F;F;F;F;F;F;F;F;F;F;F;F;F;F;F;F;F;F;F;F;F;F;F;F
162;01228;180 50;POSSIDONION;HOTEL;A;4;4****;44;90;Atria-Filoxenia Corpor.(S.A.)& Co-Polynoi;Spetses;;180 50 Spetses;ATTICA - SARONIC ISLANDS;CENTRAL GREECE;SPETSES;;2298-072308;72006;;;2298-072208;;21-03613751;21-03607964;;;*;;;;;;;;;Apr-Oct;100m;50m;;;200m;F;T;F;F;F;F;F;F;F;F;F;F;F;F;F;F;F;F;F;F;F;F;F;F;F;F;F;F;F;F;F;F;F;F;F;F;F;F;F;F;F;F;F;F;F;F;F;T;F;F;F;F;F;F;F;F
163;01235;570 14;AVRA STRYMONIKOU;HOTEL;D;1;1*;9;19;Pan.Passalis;Stavros;19 Nikis Ave.;570 14 Stavros;THESSALONIKI;MACEDONIA;;;2397-061278;;;;2397-021004;;;;;;;;;;25,00 & 30,00;;;;;Jan-Dec;200m;200m;80kms;85kms;100m;F;T;F;F;F;F;F;F;F;F;F;F;F;F;F;F;F;F;F;F;F;F;F;T;F;F;F;F;F;F;F;F;F;F;F;F;F;F;F;F;F;F;F;F;F;F;F;F;F;T;F;F;F;F;F;F
164;01238;841 00;AKTAEON;HOTEL;D;1;E'CLASS;10;22;Dim.Drakos;Ermoupolis;Akti P. Ralli;841 00 Siros;CYCLADES ISLANDS;CYCLADES;SIROS;;2281-082675;;;;2281-082675;;;;;;;;25,00 & 30,00;;35,00 - 50,00;;;;;Jan-Dec;;;;;;T;F;F;F;F;F;F;F;F;F;F;F;F;F;F;F;F;F;F;F;F;F;F;F;F;F;F;F;F;F;F;F;F;F;F;F;F;F;F;F;F;F;F;T;F;T;F;F;T;T;F;F;F;F;F;F
165;01244;842 00;AVRA;HOTEL;C;2;2**;14;27;G.Gerardis;Tinos (Town);Paralia;842 00 Tinos (Town);CYCLADES ISLANDS;CYCLADES;TINOS;;2283-022242;;;;2283-023906;;21-09334368;;avrahotel@yahoo.gr;;;;40,00 & 45,00;;50,00 & 60,00;;;4;;Apr-Oct;200m;;;;300m;F;T;F;F;F;F;F;F;F;F;F;F;F;F;F;F;F;F;F;F;F;F;F;F;F;F;T;F;F;F;F;F;F;F;F;F;F;F;F;F;F;F;F;F;F;T;F;F;F;T;F;F;F;F;F;F
166;01245;842 00;TINION;HOTEL;B;3;3***;21;42;Ekaterini Hatzilouis;Tinos (Town);1 C. Alavanou;842 00 Tinos (Town);CYCLADES ISLANDS;CYCLADES;TINOS;;2283-022261;24754;;;2283-024754;;21-06468779;21-03812093;kchatzi@ath.forthnet.gr;www.tinionhotel.gr;;;;;55,00 & 70,00;55,00 & 70,00;;9;;Apr-Oct;400m;100m;;;300m;T;F;F;T;F;F;F;F;F;F;F;F;F;F;F;F;F;F;F;F;F;F;F;T;F;F;T;F;F;F;F;F;F;F;F;F;F;F;F;F;F;T;F;T;F;T;F;T;F;T;F;F;F;F;F;F
167;01251;421 00;PANHELLINION;TRADITIONAL HOTEL;B;3;B'CLASS;18;39;Ev.& Marina Georgiou Co;Trikala;2,Vass.Olgas;421 00 Trikala;TRIKALA;THESSALIA;;;2431-073545;73035;;;2431-027350;;;;panellinion@hotmail.com;www.panellinion.gr;;;70;;100;;;8;14;Jan-Dec;100kms;120kms;20kms;60kms;600m;T;F;T;T;F;F;F;F;F;F;F;F;F;T;F;F;F;F;F;F;F;F;F;T;F;F;F;F;F;F;F;F;F;F;F;F;F;F;F;F;F;T;F;T;F;T;T;T;T;T;F;F;F;F;F;T
168;01253;204 00;ZIRIA;HOTEL;D;1;1*;14;26;Orea Papadopoulos;Trikala;;204 00 Trikala;KORINTHIA;PELOPONNESE;;;2743-091227;;;2743-025700;2743-025700;;;;;;;;;;;;;;;Jan-Dec;25kms;35kms;25kms;140kms;25kms;F;F;F;F;F;F;F;F;F;F;F;F;F;F;F;F;F;F;F;F;F;F;F;T;F;F;F;F;F;F;T;F;F;F;F;F;F;F;F;F;F;F;F;F;F;F;F;F;F;F;F;F;F;F;F;F
169;01255;204 00;PIGHI TARLABA;HOTEL;B;3;B'CLASS;29;56;Pighi Tarlaba (S.A.);Ano Trikala;;204 00 Ano Trikala;KORINTHIA;PELOPONNESE;;;2743-091267;;;;2743-091230;;;;;;;;;;;;;;;May-Oct;;;;;;F;F;F;F;F;F;F;F;F;F;F;F;F;F;F;F;F;F;F;F;F;F;F;F;F;F;F;F;F;F;F;F;F;F;F;F;F;F;F;F;F;F;F;F;F;F;F;F;F;F;F;F;F;F;F;F
170;01258;221 00;ANAKTORIKON;HOTEL;C;2;2**;27;50;Paraskevi Roiniotis;Tripolis;48 Konstantinou XII;221 00 Tripolis;ARCADIA;PELOPONNESE;;;271-0225545;226545;222545;;271-0222021;;;;anaktorikon@otenet.gr;www.anaktorikon.gr;;;55;;75;;;7,5;;Jan-Dec;40kms;40kms;;165kms;800m;T;F;F;F;F;F;F;F;F;F;F;F;F;F;F;F;F;F;F;F;F;F;T;F;F;F;F;F;F;F;F;F;F;F;F;F;F;F;F;F;F;F;T;T;F;T;T;T;T;T;F;F;F;F;F;T
171;01260;221 00;ARCADIA;HOTEL;B;3;3***;45;85;A.K.Homatas The Arcadia (S.A.);Tripolis;1 Pl. Kolokotroni;221 00 Tripolis;ARCADIA;PELOPONNESE;;;271-0225551/3;;;;271-0222464;;;;arcadia2@otenet.gr;;;;48,00 & 55,00;;65,00 & 80,00;;;9;18;Jan-Dec;45kms;55kms;;90kms;600m;T;F;T;F;F;F;F;F;F;F;F;F;T;T;F;F;F;F;F;F;F;F;F;T;F;T;T;F;F;F;F;F;F;F;F;F;F;F;F;F;F;T;F;F;F;F;F;T;F;T;F;F;F;F;F;F
172;01264;221 00;MENALON RESORT;HOTEL;B;3;3***;32;60;Arcadian Hospitality (S.A.);Tripolis;8 Platia Areos;221 00 Tripolis;ARCADIA;PELOPONNESE;;;271-0230300;;;;271-0230327;;;;mainalon@otenet.gr;www.mainalonhotel.gr;;;85;;112,70 & 207,00;;;9;15;Jan-Dec;;;;;;T;F;T;T;F;F;F;F;F;F;F;F;T;T;F;F;F;F;F;F;F;F;F;T;F;T;F;F;F;F;F;F;F;F;F;F;F;F;F;F;F;T;F;T;F;F;T;T;T;T;F;F;F;F;F;T
173;01278;180 40;SOPHIA;TRADITIONAL HOTEL;B;3;B'CLASS;6;12;Angeliki & Vassiliki Aerakis Co;Idra;;180 40 Idra;ATTICA - SARONIC ISLANDS;CENTRAL GREECE;IDRA;;2298-052313;;;;;;;;;;;;;;;;;;;Apr-Oct;10m;;;;;F;F;F;F;F;F;F;F;F;F;F;F;F;F;F;F;F;F;F;F;F;F;F;F;F;F;F;F;F;F;F;F;F;F;F;F;F;F;F;F;F;F;F;F;F;F;F;F;F;F;F;F;F;F;F;F
174;01279;350 16;OETE (Iti);HOTEL;C;2;2**;38;63;G.Gletsos;Loutra Ipatis;;350 16 Loutra Ipatis;FTHIOTIDA;CENTRAL GREECE;;;2231-059525;;;;;;21-02715189;;info@hoteloiti.gr;www.hoteloiti.gr;;;19,80 - 35,00;;28,12 - 45,00;;;3;;May-Oct;27kms;27kms;17kms;219kms;5kms;F;F;T;F;F;T;F;F;F;F;F;F;F;F;F;F;F;F;F;F;F;F;F;T;F;T;T;F;F;F;F;F;F;F;F;F;F;F;F;F;F;F;F;F;F;T;F;T;F;F;F;F;F;F;F;F
175;01280;350 16;ORTHRYS;HOTEL;C;2;C'CLASS;30;57;Har.& Ekaterini Karthatis;Loutra Ipatis;;350 16 Loutra Ipatis;FTHIOTIDA;CENTRAL GREECE;;;2231-059364;;;;;;2231-059364;;;;;;;;;;;;;May-Oct;35kms;30kms;17kms;300kms;10kms;F;F;F;F;F;F;F;F;F;F;F;F;F;F;F;F;F;F;F;F;F;F;F;T;F;T;T;F;F;F;T;F;F;F;F;F;F;F;F;F;F;F;F;F;F;F;F;T;F;F;F;F;F;F;F;F
176;01284;490 83;MEGA;HOTEL;C;2;2**;56;106;I.Kantarou Bros (S.A.);Ipsos;;490 83 Kerkira;KERKIRA;IONIAN ISLANDS;KERKIRA;;2661-093208;;;;2661-093566;;2661-093402;2661-093566;info@megahotel.gr;www.megahotel.gr;**;;40,00 & 45,00;;50,00 & 60,00;;;5;10;Apr-Oct;5m;14kms;14kms;15kms;2kms;T;F;T;T;T;F;F;F;F;F;F;F;F;F;F;F;F;F;F;T;F;F;F;T;F;F;T;F;F;F;F;F;T;F;F;F;F;F;F;F;F;F;F;T;F;T;F;F;T;T;F;F;F;F;F;F
177;01301;341 00;KENTRIKON;HOTEL;C;2;2**;20;35;G.Grontis;Halkida;5 Angeli Goviou;341 00 Halkida;EVIA;CENTRAL GREECE;;;2221-022375;27260;;;2221-062849;;;;hotel_kentrikon@hotmail.com;www.geocities.com/hotel_kentrikon;;;;;42,7;;;7;;Jan-Dec;300m;30m;;90kms;500m;F;T;F;F;F;F;F;F;F;F;F;F;F;F;F;F;F;F;F;F;F;F;F;T;F;F;T;F;F;F;F;F;F;F;F;F;F;F;F;F;F;F;F;F;F;F;F;T;F;T;F;F;F;F;F;F
178;01308;341 00;KYMATA;HOTEL;D;1;E'CLASS;8;16;Avgerini Katsaris;Halkida;1 Liaska;341 00 Halkida;EVIA;CENTRAL GREECE;;;2221-021317;;;;;;;;;;;;;;;;;;;Jan-Dec;;;;;;F;F;F;F;F;F;F;F;F;F;F;F;F;F;F;F;F;F;F;F;F;F;F;F;F;F;F;F;F;F;F;F;F;F;F;F;F;F;F;F;F;F;F;F;F;F;F;F;F;F;F;F;F;F;F;F
179;01310;341 00;MORFEAS;HOTEL;D;1;1*;24;46;Dim.Vezazis;Halkida;3 Possidonos;341 00 Halkida;EVIA;CENTRAL GREECE;;;2221-024703;73626;;;2221-024292;;;;morfeas3@otenet.gr;www.all-hotels.gr;;;;;;;;;;Jan-Dec;40m;300m;;92kms;1,5km;F;T;F;F;F;F;F;F;F;F;F;F;F;F;F;F;F;F;F;F;F;F;F;F;F;F;F;F;F;F;F;F;F;F;F;F;F;F;F;F;F;T;F;T;F;F;T;T;F;T;F;F;F;F;F;F
180;01334;821 00;FILOXENIA;HOTEL;D;1;1*;17;27;Mih.Neamonitis;Hios (Town);8,Voupalou & 2,Roidou str;821 00 Hios;HIOS;AEGEAN ISLANDS;HIOS;;2271-022813;26559;;;2271-028447;;;;;;;;30,00 & 40,00;;50,00 & 60,00;;;3;;Jan-Dec;;;;;;F;F;F;F;F;F;F;F;F;F;F;F;F;F;F;F;F;F;F;F;F;F;F;F;F;F;F;F;F;F;F;F;F;F;F;F;F;F;F;F;F;F;F;F;F;F;F;F;F;F;F;F;F;F;F;F
181;01345;330 54;HERMES;HOTEL;B;3;3***;28;54;Ant.Drosseros & Co;Delfi;27 Vassileos Pavlou & Friderikis;330 54 Delfi;FOKIDA;CENTRAL GREECE;;;2265-082318;;;;2265-082639;;2265-082641;;;www.delphihotels.gr/hotels/hermes;;;78,00 & 80,00;;85,00 & 88,00;96,00 & 100,00;;6;;Jan-Dec;17kms;17kms;;180kms;200m;T;F;F;T;F;F;F;F;F;F;F;F;F;F;F;F;F;F;F;F;F;F;F;T;F;F;F;F;F;F;F;F;F;F;F;F;F;F;F;F;F;F;F;F;F;F;F;T;F;T;F;F;F;F;F;F
182;01354;491 00;CORFU PALACE;HOTEL;L;5;5*****;106;195;Corfu Palace (S.A.);Kerkira;2 Leoforos Dimokratias;491 00 Kerkira;KERKIRA;IONIAN ISLANDS;KERKIRA;;2661-039485/7;;;;2661-031749;;2661-039485;2661-031749;info@corfupalace.com;www.corfupalace.com;**;;97,80 - 191,80;;104,60 - 251,60;188,60 - 692,70;;13,2;26;Jan-Dec;1km;1,5kms;500m;1,5km;1km;T;F;T;T;T;F;F;T;F;F;F;T;F;T;T;F;F;T;F;T;T;F;F;T;F;T;T;F;F;T;F;F;F;F;F;T;F;F;F;F;F;F;T;T;F;F;T;T;T;T;F;T;F;F;F;F
183;01358;185 31;ACROPOLE;HOTEL;C;2;2**;21;42;Dim.Skylakos;Pireas;7,Dim.Gounari;185 31 Pireas;ATTICA - PIRAEUS;CENTRAL GREECE;;;21-04173313;;;;;;;;ahotel@otenet.gr;www.acropole-hotel.gr;;;;;70,00 & 100,00;;;5;;Jan-Dec;;;;40kms;;F;F;F;F;F;F;F;F;F;F;F;F;F;F;F;F;F;F;F;F;F;F;F;F;F;F;F;F;F;F;F;F;F;F;F;F;F;F;F;F;F;F;F;F;F;F;F;F;F;F;F;F;F;F;F;F
184;01360;721 00;LATO;HOTEL;C;2;2**;37;62;Lato (S.A.);Agios Nikolaos;Amoudi;721 00 Lassithiou;LASSITHI;CRETE;CRETE;;2841-024581/2;;;;2841-023996;;2841-022494;2841-023996;lato@mail.com;www.lato-hotel.com.gr;;;31,67 - 50,00;;38,00 - 60,00;;;6;;Apr-Oct;350m;1,5km;1,5km;69kms;800m;T;F;F;T;T;F;F;F;F;F;T;F;F;F;F;F;F;F;F;T;F;F;F;T;F;F;T;F;F;F;T;F;F;F;F;F;F;F;F;F;F;F;F;T;F;T;F;F;F;T;F;F;F;F;F;F
185;01369;350 08;VIOLETTA;HOTEL;B;3;3***;37;70;Anna Goalec-Halkias;Kamena Vourla;81 G. Vassiliadou;350 08 Kamena Vourla;FTHIOTIDA;CENTRAL GREECE;;;2235-022203;22108;;;2235-022108;;21-06524413;;tchalkias@panafonet.gr;www.hotelvioletta.com;;;45,00 & 50,00;;55,00 & 70,00;;;7,5;;Apr-Oct;10m;5kms;39kmsLamia;200kms;1km;T;F;F;T;F;F;F;F;F;F;F;F;F;F;F;F;F;F;F;F;F;F;F;T;F;F;T;F;F;F;F;F;F;F;F;F;F;F;F;F;F;T;F;T;F;F;T;T;T;T;F;T;F;F;F;F
186;01384;370 12;KENTRIKON;HOTEL;C;2;2**;23;41;Hotel-Travel-Tourist Ltd;Agios Ioannis;;370 12 Agios Ioanis;MAGNISSIA;THESSALIA;;;2426-031232;31183;2421-028205;;2426-031180;;2421-034756;2421-035030;kentrikon@les-hirondelles.gr;www.les-hirondelles.gr;;;50,00 - 60,00;;52,00 - 70,00;104,00 - 130,00;;10;19;Jan-Dec;20m;500m;55kms;80kms;7kms;F;T;T;F;F;F;F;F;F;F;F;F;F;F;F;F;F;F;F;F;F;F;F;T;F;F;T;F;F;F;F;F;F;F;F;F;F;F;F;F;F;F;F;F;F;F;T;T;F;T;F;F;F;F;F;F
187;01391;340 05;PLAZA;TRADITIONAL HOTEL;C;2;C'CLASS;6;11;N.Vlahoutsikos;Limni;Paralia;340 05 Limni;EVIA;CENTRAL GREECE;;;2227-031235;;;;2227-031336;;;;plazahotel@in.gr;;;;;;40,00 & 50,00;;;;;Jan-Dec;100m;300m;29kms;170kms;100m;T;F;F;F;F;F;F;F;F;F;F;F;F;F;F;F;F;F;F;F;F;F;F;T;F;F;T;F;F;F;F;F;F;F;F;F;F;F;F;F;F;F;F;F;F;T;F;T;F;T;F;F;F;F;F;F
188;01416;343 00;AVRILIA;HOTEL;D;1;1*;17;34;Maria Tsokaitis;Edipsos;12, 25th Martiou;343 00 Edipsos;EVIA;CENTRAL GREECE;;;2226-022307;;;;;;;;;;;;;;20,00 - 30,00;;;;;Joun-Oct;80m;;;;;F;F;F;F;F;F;F;F;F;F;F;F;F;F;F;F;F;F;F;F;F;F;F;F;F;F;F;F;F;F;F;F;F;F;F;F;F;F;F;F;F;F;F;F;F;F;F;F;F;F;F;F;F;F;F;F
189;01424;176 74;SARONIKOS;HOTEL;C;2;2**;40;69;Peppas Bros Hotel Ltd;Tzitzifies;44 Pissistratou & 63 Praxitelous;176 74 Tzitzifies;ATTICA - REST OF ATTICA;CENTRAL GREECE;;;21-09402921/2;;;;21-09423241;;;;info@saronicoshotel.gr;www.saronic.gr;;;;;;;;;;Jan-Dec;500m;5kms;7kms;5kms;3kms;F;T;F;F;F;F;F;F;F;F;F;F;F;F;F;F;F;F;F;F;F;F;F;T;F;F;F;F;F;F;F;F;F;F;F;F;F;F;F;F;F;F;F;F;F;F;F;T;F;T;F;F;F;F;F;F
190;01435;220 10;ART MENALON;HOTEL;B;3;3***;46;94;Pan.Bakoyannakis;Vytina;;220 10 Vytina;ARCADIA;PELOPONNESE;;;2795-022217;;;;2795-022200;;;;;;;;;;;;;;;Jan-Dec;;;40kms;;;F;F;F;T;F;F;F;F;F;F;F;F;F;T;F;F;F;F;F;F;F;F;F;T;F;T;F;F;F;F;F;F;F;F;F;F;F;F;F;F;F;F;F;T;F;F;F;T;T;T;F;F;F;F;F;F
191;01447;841 00;POSEIDONION;HOTEL;B;3;B'CLASS;60;101;Hotel,Tourist Enterprises Fetouris (S.A.);Possidonia;;841 00 Siros;CYCLADES ISLANDS;CYCLADES;SIROS;;2281-042100/1;42332;;;2281-042220;;;;posidonion@syr.forthnet.gr;www.syros-hotels.gr;;;40,00 - 55,00;;50,00 - 75,00;;;8;;Jan-Dec;5m;10kms;10kms;10kms;10kms;T;F;T;F;F;F;F;F;F;F;F;F;F;F;F;F;F;F;F;F;F;F;F;T;F;F;F;F;F;F;F;F;F;F;F;F;F;F;F;F;F;F;F;F;F;T;F;F;F;T;F;F;F;F;F;F
192;01467;211 00;AMPHITRYON;HOTEL;L;5;5*****;46;78;Argolian Sun (S.A.);Nafplio;Akti Miaouli;211 00 Nafplio;ARGOLIDA;PELOPONNESE;;;2752-070800;;;21-03603392;2752-025850;;;;reservations@amphitryon.gr;www.amphitryon.gr;;;440;;560,00 & 800,00;840,00 & 1500,00;;30;50;Jan-Dec;100m;;;;;F;F;T;F;F;F;F;F;F;F;F;F;F;F;F;F;F;F;F;T;F;F;F;T;F;F;F;F;F;F;F;F;F;F;F;F;F;F;F;F;F;F;F;F;F;F;F;F;F;F;F;F;F;F;F;F
193;01468;570 15;ARISTOTELES;HOTEL;B;3;3***;45;82;Community of Curative Baths Apoll.Popular Base (S.A.;Nea Apollonia;;570 15 Nea Apollonia;THESSALONIKI;MACEDONIA;;;2393-042150;41510;;;2393-042088;;;;lutnapol@otenet.gr;;;;25,00 & 32,00;;30,00 & 43,20;;;3;6,5;Joun-Oct;;;;;;F;F;T;F;F;F;F;F;F;F;F;F;F;F;F;F;F;F;T;F;F;F;F;T;F;F;F;F;F;F;F;F;F;F;F;F;F;F;F;F;F;F;F;F;F;F;F;F;F;F;F;F;F;F;F;F
194;01492;180 30;AETHRA;HOTEL;D;1;E'CLASS;22;44;Dim.Ghionis & Co;Methana;48 Chr. Maltezou;180 30 Methana;ATTICA - REST OF ATTICA;CENTRAL GREECE;;;2298-092420;;;;;;2298-092420;;;;;;;;;;;;;Joun-Sep;200m;60m;;;50m;F;F;F;F;F;F;F;F;F;F;F;F;F;F;F;F;F;F;F;F;F;F;F;T;F;F;T;F;F;F;F;F;F;F;F;F;F;F;F;F;F;F;F;F;F;F;F;F;F;F;F;F;F;F;F;F
195;01496;330 54;DELPHI PALACE;HOTEL;A;4;4****;44;82;Iniohos (S.A.);Delfi;69 Apollonos;330 54 Delfi;FOKIDA;CENTRAL GREECE;;;2265-082151/2;;;;2265-082764;299607;;;delphtls@otenet.gr;www.one-worldnet/hotels/hotels/iniohos;**;;150;;240;480;;9;25;Jan-Dec;15kms;15kms;;170kms;;T;F;T;T;T;F;F;F;F;F;T;F;F;T;F;T;F;F;F;F;T;F;F;T;F;F;T;F;F;F;F;F;T;F;F;T;F;F;F;F;F;T;F;T;F;F;F;T;F;T;F;F;F;F;F;F
196;01500;833 00;IKARION;HOTEL;D;1;1*;26;48;Ikarion-Dedalos (S.A.);Therma;;833 00 Ikaria;SAMOS;AEGEAN ISLANDS;IKARIA;;2275-022481;;;;2275-023400;;;;;;;;28,00 & 34,00;;31,50 - 44,00;;;;;May-Oct;50m;;;;;F;T;F;F;F;F;F;F;F;F;F;F;F;F;F;F;F;F;F;F;F;F;F;F;F;F;F;F;F;F;F;F;T;F;F;F;F;F;F;F;F;F;F;F;F;F;F;F;F;F;F;F;F;F;F;F
197;01509;341 00;LUCY;HOTEL;A;4;4****;92;156;M.Plataniotis (S.A.);Halkida;10 L. Voudouri;341 00 Halkida;EVIA;CENTRAL GREECE;;;2221-023831/5;;;;2221-022051;;2221-023831/5;2221-022631;lucyhtl@otenet.gr;www.lucy-hotel.gr;;;60,00 - 155,00;;100,00 & 110,00;125,00 & 145,00;;10;20;Jan-Dec;200m;10m;;90kms;500m;T;F;T;T;F;F;F;F;F;F;F;F;T;T;F;F;F;F;F;F;F;F;T;F;F;F;F;F;F;F;F;F;F;F;F;F;F;T;T;F;F;T;F;T;F;F;T;T;T;T;F;T;F;F;T;F
198;01515;204 00;APOLLON;HOTEL;B;3;3***;33;60;Alex.Mavronassios & Co;Xylokastro;105 J. Ioannou;204 00 Xylokastro;KORINTHIA;PELOPONNESE;;;2743-022239;;;;2743-025240;;;;apollonx@otenet.gr;;;;;;;;;;;Jan-Dec;200m;12kms;;120kms;1km;T;F;T;F;T;F;F;F;F;F;F;F;F;T;T;F;F;F;F;T;F;F;T;T;F;F;T;F;F;F;F;F;F;F;F;F;F;F;F;F;F;F;F;T;F;T;T;T;F;T;F;F;F;F;F;F
199;01516;546 30;AEGEON;HOTEL;B;3;3***;50;80;Aegeon (S.A.);Thessaloniki;19 Egnatia;546 30 Thessaloniki;THESSALONIKI;MACEDONIA;;;231-0522921;;;;231-0522922;;;;reservation@egnatiapalace.gr;www.egnatiapalace.gr;;;80;;107;;;;;Jan-Dec;30kms;1,5kms;;16kms;500m;T;F;T;T;F;F;F;F;F;F;F;F;F;F;F;F;F;F;F;F;F;F;T;F;F;F;T;F;F;F;F;F;F;F;F;F;F;F;F;F;F;T;F;T;F;F;T;T;F;T;F;T;F;F;F;F
200;01518;204 00;KYANI AKTI;HOTEL;D;1;1*;9;20;Chryssoula Dourdoumas;Xylokastro;68 P. Tsaldari;204 00 Xylokastro;KORINTHIA;PELOPONNESE;;;2743-028930;;;;2743-028930;;;;;;;;;;50,00 & 55,00;;;8;;Jan-Dec;10m;300m;;150kms;2kms;T;F;T;F;F;F;F;F;F;F;F;F;F;F;F;F;F;F;F;F;F;F;F;T;F;F;F;F;F;F;F;F;F;F;F;F;F;F;F;F;F;F;F;F;F;F;F;F;F;F;F;F;F;F;F;F
201;01541;230 51;ALSOS;TRADITIONAL HOTEL;C;2;C'CLASS;15;20;Spyridoula Theodorakakos;Skala;;230 51 Skala;LACONIA;PELOPONNESE;;;2735-022230;;;;2735-022730;;;;;;;;35,00 - 45,00;;40,00 - 50,00;;;;;Jan-Dec;4kms;19kms;;;5m;T;T;F;F;F;F;F;F;F;F;F;F;F;F;F;F;F;F;F;F;F;F;F;F;F;F;F;F;F;F;F;F;F;F;F;F;F;F;F;F;F;F;F;F;F;F;F;F;F;T;F;F;F;F;F;F
202;01545;430 68;TEMBI;HOTEL;B;3;3***;53;106;Community Enterpises of Spa Smokovou;Smokovo;Loutra Smokovu;430 68 Smokovo;KARDITSA;THESSALIA;;;2443-061209/10;61022;;;2443-061178;;2443-061210;2443-061178;;;;;;;26,00 & 31,00;;;;;Joun-Oct;;;35kms;;50m;F;F;T;F;F;F;F;F;T;F;F;F;F;F;F;F;F;F;T;F;F;F;F;T;F;F;F;F;F;F;F;F;F;F;F;F;F;F;F;F;F;F;F;F;F;F;T;F;F;F;F;F;F;F;F;F
203;01556;223 00;NEON;HOTEL;D;1;1*;13;23;Maria Konstas;Leonidio;;223 00 Leonidio;ARCADIA;PELOPONNESE;;;2757-022383;;;;;;;;;;;;20;;30;;;;;Jan-Dec;4kms;4kms;70kms;210kms;500m;F;F;F;F;F;F;F;F;F;F;F;F;F;F;F;F;F;F;F;F;F;F;F;F;F;F;T;F;F;F;F;F;F;F;F;F;F;F;F;F;F;F;F;F;F;F;F;F;F;F;F;F;F;F;F;F
204;01565;431 00;ARNI;TRADITIONAL HOTEL;B;3;B'CLASS;31;60;Domotel (S.A.);Karditsa;4, A. Karaiskaki;431 00 Karditsa;KARDITSA;THESSALIA;;;2441-022161;22481;22168;;2441-073080;;;;info@arni.gr;www.arni.gr;*;;70;;120;;;10;;Jan-Dec;;;;60kms;1km;T;F;F;T;F;F;F;F;F;F;T;F;F;T;F;F;F;F;F;F;F;F;F;T;F;F;F;F;F;F;F;F;F;F;F;F;F;F;F;F;F;F;F;T;F;F;T;T;T;T;F;F;F;F;F;F
205;01583;691 00;HELLAS;HOTEL;D;1;1*;14;24;Theodora Tsilingiris;Komotini;31 Dimokritou;691 00 Komotini;RODOPI;THRAKI;;;2531-022055;;;;2531-033618;;;;;;;;20;;28;;;;;Jan-Dec;30kms;30kms;;74kms;50m;F;F;F;F;F;F;F;F;F;F;F;F;F;F;F;F;F;F;F;F;F;F;F;F;F;F;F;F;F;F;F;F;F;F;F;F;F;F;F;F;F;F;F;F;F;F;F;F;F;F;F;F;F;F;F;F
206;01585;203 00;OLYMPIA;HOTEL;C;2;2**;47;84;Olympia Logothetis (S.A.);Loutraki;1 El. Venizelou;203 00 Loutraki;KORINTHIA;PELOPONNESE;;;2744-022284;21377;;;2744-022804;;;;hotelolympia@in.gr;www.city-of-loutraki.gr/accommodation;;;38;;58;;;6;;Apr-Oct;50m;80m;9kms;85kms;10kms;T;F;F;T;F;F;F;F;F;F;F;F;F;F;F;F;F;F;F;F;F;F;F;F;F;F;T;F;F;F;F;F;F;F;F;F;F;F;F;F;F;T;F;F;F;T;F;T;F;T;F;F;F;F;F;F
207;01613;343 00;ARTEMISSION;HOTEL;C;2;2**;47;91;Stella Papatheodorou & Co;Edipsos;5 Filelinon;343 00 Edipsos;EVIA;CENTRAL GREECE;;;2226-022251;;;;;;;;;;;;50;;60;;;4;;Joun-Oct;100m;;;;;F;T;F;F;F;F;F;F;F;F;F;F;F;F;F;F;F;F;F;F;F;F;F;T;F;F;F;F;F;F;F;F;F;F;F;F;F;F;F;F;F;F;F;F;F;F;F;F;F;F;F;F;F;F;F;F
208;01624;661 00;EMBORIKON;HOTEL;C;2;2**;42;73;Kotselides-Alatzas -Kioumourtzis Co;Drama;8 Ethn. Aminis;661 00 Drama;DRAMA;MACEDONIA;;;2521-037903;37925;;379601;2521-037969;;;;;;;;67,00 & 80,00;;87,00 & 105,00;120,00 & 140,00;;9;11;Jan-Dec;35kms;35kms;;55kms;1km;T;F;T;T;F;F;F;F;F;F;F;F;F;T;F;F;F;F;F;F;F;F;F;T;F;F;T;F;F;F;F;F;F;F;F;F;F;F;F;F;F;F;F;T;F;F;T;T;F;T;F;F;F;F;F;F
209;01625;350 08;PRINGHIPIKON;FURNISHED APTS;C;2;C'CLASS;16;25;Pringhipikon (S.A.);Kamena Vourla;75 G. Vassiliadi;350 08 Kamena Vourla;FTHIOTIDA;CENTRAL GREECE;;;2235-022516;22696;;;;;;;;;;;;;;;;;;Apr-Oct;20m;;;;;F;F;F;F;F;F;F;F;F;F;F;F;F;F;F;F;F;F;F;F;F;F;F;T;F;F;F;F;F;F;F;F;F;F;F;F;F;F;F;F;F;F;F;F;T;T;F;F;F;F;F;F;F;F;F;F
210;01633;570 21;STRYMONIKON;HOTEL;D;1;1*;13;26;Chryssanthi Settas;Asprovalta;39 Egnatia;570 21 Asprovalta;THESSALONIKI;MACEDONIA;;;2397-022209;;;;2397-022568;;;;;;;;30,00 & 35,00;;45,00 - 55,00;;;;;Jan-Dec;200m;10kms;80kms;90kms;150m;T;F;T;F;F;F;F;F;F;F;F;F;F;F;F;F;F;F;F;F;F;F;F;T;F;F;F;F;F;F;F;F;F;F;F;F;F;F;F;F;F;F;T;F;F;T;F;F;F;T;F;F;F;F;F;T
211;01635;853 00;ZEPHYROS;HOTEL;C;2;2**;50;92;Io.Parveris;Kos;34 Vassileos Georgiou;853 00 Kos;DODECANESSUS ISLANDS;DODECANESSUS;KOS;;2242-022245;22288;;;2242-022245;;2242-023954;;zephiros@rermanosnet.gr;;;;20,00 - 35,00;;30,00 - 50,00;;;5;;Apr-Oct;50m;800m;500m;25kms;500m;F;T;F;T;T;F;F;F;F;F;F;F;F;F;F;F;F;F;F;T;F;T;F;T;F;F;F;F;F;F;F;F;F;F;F;F;F;F;F;F;F;F;F;F;F;T;F;F;F;T;F;F;F;F;F;F
212;01640;501 00;HERMIONION;HOTEL;C;2;C'CLASS;20;34;P.Giatagantzides;Kozani;7 Platia Nikis;501 00 Kozani;KOZANI;MACEDONIA;;;2461-034485;;;;;;;;;;;;;;;;;;;Jan-Dec;;;;5kms;1km;F;F;T;F;F;F;F;F;F;F;F;F;F;F;F;F;F;F;F;F;F;F;F;F;F;F;F;F;F;F;F;F;F;F;F;F;F;F;F;F;F;F;F;F;F;F;F;F;F;F;F;F;F;F;F;F
213;01641;330 54;PARNASSOS;HOTEL;C;2;2**;24;46;Acropole (S.A.);Delfi;32 Vassileos Pavlou & Friderikis;330 54 Delfi;FOKIDA;CENTRAL GREECE;;;2265-082321;;;;2265-082621;;;;delphi@otenet.gr;www.parnassos.org;*;;85;;115;200;;9,5;16;Jan-Dec;14kms;14kms;;180kms;300m;T;F;T;T;F;F;F;F;F;F;T;F;F;F;F;F;F;F;F;F;F;F;F;F;F;F;F;F;F;F;F;F;F;F;F;F;F;F;F;F;F;T;F;T;F;F;F;T;F;T;T;F;F;F;F;T
214;01649;350 08;KYPREOS;HOTEL;C;2;2**;10;20;Zoe Kypreou & Co;Kamena Vourla;79 Ger.Vassiliadi;350 08 Kamena Vourla;FTHIOTIDA;CENTRAL GREECE;;;2235-022315;23075;;;2235-022915;;;;;;;;;;70,00 & 80,00;;;7;;Jan-Dec;10m;8kms;35kms;175kms;35kms;F;T;T;T;F;F;F;F;F;F;F;F;F;F;F;F;F;F;F;F;F;F;F;F;F;F;T;F;F;F;F;F;F;F;F;F;F;F;F;F;F;F;F;T;F;T;F;T;F;T;F;F;F;F;T;F
215;01658;104 39;ARISTON;HOTEL;B;3;3***;35;61;Dim.Kamboukos;Athens;35 Neofitou Metaxa;104 39 Athens;ATTICA - ATHENS;CENTRAL GREECE;;;21-08253111;;;;21-08253427;;;;;www.aristonhotel.gr;;;75;;95;;;15;;Jan-Dec;;;;30kms;;F;F;T;F;F;F;F;F;F;F;F;F;F;F;F;F;F;F;F;F;F;F;F;F;F;F;F;F;F;F;F;F;F;F;F;F;F;F;F;F;F;F;F;F;F;F;F;F;F;F;F;F;F;F;F;F
216;01661;350 08;AEGLI;HOTEL;D;1;1*;17;32;Nik.Tsaras;Kamena Vourla;3 B Odos;350 08 Kamena Vourla;FTHIOTIDA;CENTRAL GREECE;;;2235-022344;;;;;;;;;;;15;;20;25;;;;;Joun-Sep;;;;;;F;F;F;F;F;F;F;F;F;F;F;F;F;F;F;F;F;F;F;F;F;F;F;T;F;F;F;F;F;F;F;F;F;F;F;F;F;F;F;F;F;F;F;F;F;F;F;F;F;F;F;F;F;F;F;F
217;01674;117 42;ATHENS BACKPACKERS;FURNISHED APTS;C;2;2**;11;19;Nik.Ieronymos & Co;Athens;12,Makri;117 42 Athens;ATTICA - ATHENS;CENTRAL GREECE;;;21-09224044;;;;;;;;;;;;;;;60,00 - 144,00;;;;Jan-Dec;;;;;;F;F;F;F;F;F;F;F;F;F;F;F;F;F;F;F;F;F;F;F;F;F;F;F;F;F;F;F;F;F;F;F;F;F;F;F;F;F;F;F;F;F;F;F;F;F;F;F;F;F;F;F;F;F;F;F
218;01675;105 52;ATHENA GRAND HOTEL;HOTEL;A;4;A'CLASS;78;123;Hellenic Tourist (S.A.);Athens;65 Athinas;105 52 Athens;ATTICA - ATHENS;CENTRAL GREECE;;;21-03250900;;;;21-03250920;;;;athenagrand@grecotel.gr;www.grecotel.gr;;;350,00 & 500,00;;400,00 & 700,00;;;25;40;Jan-Dec;6kms;9kms;;30kms;50m;T;F;T;T;F;F;F;F;F;F;F;F;T;T;F;F;F;F;F;F;F;F;F;T;F;T;F;F;F;F;F;F;F;F;F;F;F;F;F;F;F;T;T;T;F;F;T;T;T;T;F;T;F;T;T;T
219;01683;811 00;LESVION;HOTEL;B;3;3***;34;65;Pan.Ef.An.(S.A.);Mitilini;27a P. Koundourioti- Prokimea;811 00 Lesvos;LESVOS;AEGEAN ISLANDS;LESVOS;;2251-028177;;2251-024343;;2251-042493;;2251-024343;;lesvion@otenet.gr;www.lesvion.gr;;;47,00 & 52,00;;60,00 & 73,00;;;6;;Jan-Dec;500m;500m;;8kms;1km;T;F;F;T;F;F;F;F;F;F;T;F;T;F;F;F;F;F;F;F;F;F;F;F;F;F;F;F;F;F;F;F;F;F;F;F;F;F;F;F;F;T;T;F;F;F;T;T;F;T;F;F;F;F;F;F
220;01684;332 00;PARNASSOS;HOTEL;D;1;1*;6;13;Ekaterini Kyteas;Itea;84 Kapodistriou;332 00 Itea;FOKIDA;CENTRAL GREECE;;;2265-032347;;;;;;;;;;;21;;35;;;;;;Jan-Dec;300m;100m;;;300m;F;F;F;F;F;F;F;F;F;F;F;F;F;F;F;F;F;F;F;F;F;F;F;F;F;F;F;F;F;F;F;F;F;F;F;F;F;F;F;F;F;F;F;F;F;F;F;F;F;F;F;F;F;F;F;F
221;01686;251 00;FTERES;HOTEL;C;2;2**;11;17;Nik.Frangopoulos;Fteri;;251 00 Fteri;ACHAIA;PELOPONNESE;;;2691-098223;;;;;;21-08618851;;;;;;50;;60;;;;;4-9;22kms;22kms;22kms;;22kms;F;F;T;F;F;F;F;F;F;F;F;F;F;F;F;F;F;F;F;F;F;F;F;T;F;F;F;F;F;F;F;F;F;F;F;F;F;F;F;F;F;F;F;F;F;F;F;T;F;F;F;F;F;F;F;F
222;01687;454 44;PALLADION;HOTEL;B;3;3***;125;237;Palladion (S.A.);Ioannina;1 N. Botsari;454 44 Ioannina;IOANNINA;EPIRUS;;;2651-025856/9;;;;2651-074034;322212;;;palladion@otenet.gr;www.palladionhotel.gr;;;58,00 - 75,00;;58,00 - 95,00;120,00 & 136,00;;10,00 & 11,00;14,00 & 15,50;Jan-Dec;90kms;90kms;;3kms;1,5km;T;F;T;T;F;F;F;F;F;F;T;F;F;T;F;F;F;F;F;F;F;F;F;T;F;F;T;F;F;F;F;F;F;F;F;F;F;F;F;F;F;T;F;T;F;T;F;T;F;T;F;F;F;F;F;T
223;01692;203 00;POSSIDONION;HOTEL;C;2;2**;37;66;Al.Ekonomou;Loutraki;11 Kentriki Platia;203 00 Loutraki;KORINTHIA;PELOPONNESE;;;2744-022273;23273;;;2744-028594;;2744-022273;2744-023273;htlposid@otenet.gr;www.possidonionhotel.com;;;35,00 & 40,00;;40,00 & 45,00;;;;;Jan-Dec;100m;100m;;150kms;300m;T;F;F;T;F;F;F;F;F;F;F;F;F;F;F;F;F;F;F;F;F;F;F;F;F;F;F;F;F;F;F;F;F;F;F;F;F;F;F;F;F;F;F;T;F;T;F;T;T;T;F;F;F;F;T;F
224;01699;844 00;OASSIS;HOTEL;C;2;2**;18;33;Maria Bizas;Parikia;;844 00 Paros (Parikia);CYCLADES ISLANDS;CYCLADES;PAROS;;2284-021227;21082;;;2284-025141;;;;;;;;40,00 & 50,00;;50,00 & 70,00;;;5;;Jan-Dec;50m;50m;;11kms;100m;F;T;F;F;F;F;F;F;F;F;F;F;F;F;F;F;F;F;F;F;F;F;F;F;F;F;T;F;F;F;F;F;F;F;F;F;F;F;F;F;F;F;F;F;F;F;F;F;F;F;F;F;F;F;F;F
225;01709;180 40;HYDRA;TRADITIONAL HOTEL;C;2;C'CLASS;12;23;Ioannis Davis;Idra;8 Voulgari;180 40 Idra;ATTICA - SARONIC ISLANDS;CENTRAL GREECE;IDRA;;2298-052102;;;;2298-053330;;21-04640039;21-04674234;;;*;;;;;;;;;Apr-Oct;200m;150m;;;100m;F;T;F;F;F;F;F;F;F;F;F;F;F;F;F;F;F;F;F;F;F;F;F;F;F;F;T;F;F;F;F;F;F;F;F;F;F;F;F;F;F;F;F;F;F;F;F;T;F;F;F;F;F;F;F;F
226;01713;840 08;MIKE;HOTEL;C;2;2**;10;19;Th.Despotides;Egiali;;840 08 Amorgos;CYCLADES ISLANDS;CYCLADES;AMORGOS;;2285-073208;;;;2285-073633;;21-07773986;21-07773986;hotelmik@otenet.gr;www.mikehotel.gr;;;27,00 - 44,50;;33,00 - 56,00;;;5,5;;May-Sep;150m;100m;;;800m;F;T;T;F;F;F;F;F;F;F;F;F;F;F;F;F;F;F;F;F;F;F;F;F;F;F;F;F;F;F;F;F;F;F;F;F;F;F;F;F;F;T;F;F;F;F;T;F;T;F;F;F;F;F;F;F
227;01714;640 04;AMFIPOLIS;HOTEL;A;4;4****;42;78;Amfipolis (S.A.);Thassos;;640 04 Thassos;KAVALA (Incl.Thassos Island);MACEDONIA;THASSOS;;2593-023101/4;;;;2593-022110;;21-08223452;21-08223452;;;;;;;;;;;;Apr-Oct;200m;50m;;25kms;200m;T;F;T;T;T;F;F;F;F;F;F;F;F;F;F;F;T;F;F;T;F;F;F;F;F;F;T;F;F;F;F;F;F;F;F;F;F;F;F;F;F;T;F;T;F;T;T;T;F;T;F;F;F;F;F;F
228;01715;184 53;KORYDALLOS;HOTEL;D;1;1*;15;29;Ap.Vrakas;Koridallos;2 Androutsou;184 53 Koridalos;ATTICA - REST OF ATTICA;CENTRAL GREECE;;;21-04966218;4940627;;;;;;;;;;25;;32;;;;;;Jan-Dec;;3kms;3kms;39kms;1km;F;F;F;F;F;F;F;F;F;F;F;F;F;F;F;F;F;F;F;F;F;F;F;F;F;F;F;F;F;F;F;F;F;F;F;F;F;F;F;F;F;F;F;F;F;F;F;F;F;F;F;F;F;F;F;F
229;01716;166 73;MIRAMARE;HOTEL;D;1;1*;20;36;Pan.Tyropolis;Voula;4 Vassileos Pavlou;166 73 Voula;ATTICA - REST OF ATTICA;CENTRAL GREECE;;;21-08958448;;;;21-09659075;;;;mira123@otenet.gr;www.gto.gr/miramare;;;66,00 - 80,00;87,00 - 107,00;90,00 - 110,00;;;12;;Jan-Dec;50m;10kms;;18kms;50m;F;T;F;F;F;F;F;F;F;F;F;F;F;F;F;F;F;F;F;F;F;F;F;T;F;F;T;F;F;F;F;F;F;F;F;F;F;F;F;F;F;T;F;F;F;F;F;F;F;T;F;F;F;F;F;F
230;01720;340 15;AKTAEON;HOTEL;C;2;2**;43;82;Interk (S.A.);Nea Stira;Paralia;340 15 Nea Stira;EVIA;CENTRAL GREECE;;;2224-041261;41263;;210-6523345;2224-041263;;2224-041261;;;;;;30,00 & 40,00;;40,00 & 60,00;;;6;10;Apr-Oct;30m;300m;35kmsK;50kms;200m;F;F;T;F;F;F;F;F;F;F;F;F;F;F;F;F;F;F;F;F;F;F;F;F;F;F;F;F;F;F;F;F;F;F;F;F;F;F;F;F;F;F;F;F;F;F;F;F;F;F;F;F;F;F;F;F
231;01721;370 12;GALINI;HOTEL;C;2;2**;13;27;C.Leventis;Agios Ioannis;;370 12 Agios Ioanis;MAGNISSIA;THESSALIA;;;2426-031234;;;;2426-031177;;2421-034206;2421-035030;;;*;;;;60,00 & 80,00;;;8;15,00 & 20,00;Apr-Oct;20m;200m;55kms;75kms;8kms;F;T;T;F;F;F;F;F;F;F;F;F;F;F;F;F;F;F;F;F;F;F;F;F;F;F;T;F;F;F;F;F;F;F;F;F;F;F;F;F;F;F;F;F;F;F;F;T;F;F;F;F;F;F;F;F
232;01728;322 00;DIONYSSION MELATHRON;HOTEL;D;1;D'CLASS;26;39;Dionyssion (S.A.);Thiva;7 Dimokritou;322 00 Thiva;VIOTIA;CENTRAL GREECE;;;2262-027855;22255;;;2262-029957;;;;;;;;;;;;;;;Jan-Dec;20kms;30kms;;90kms;1km;F;F;F;F;F;F;F;F;F;F;F;F;F;F;F;F;F;F;F;F;F;F;F;F;F;F;F;F;F;F;F;F;F;F;F;F;F;F;F;F;F;F;F;F;F;F;F;F;F;F;F;F;F;F;F;F
233;01730;345 00;KENTRIKON;HOTEL;D;1;1*;7;13;Con.Bairaktaris;Aliveri;6 Platia Kriezotou;345 00 Aliveri;EVIA;CENTRAL GREECE;;;2223-023763;23803;;;;;;;;;;;27;;34,99;;;;;Jan-Dec;800m;800m;45kms;150kms;500m;F;F;F;F;F;F;F;F;F;F;F;F;F;F;F;F;F;F;F;F;F;F;F;F;F;F;T;F;F;F;F;F;F;F;F;F;F;F;F;F;F;F;F;F;F;F;F;F;F;F;F;F;F;F;F;F
234;01732;104 37;IKAROS;HOTEL;D;1;D'CLASS;15;34;Eft.Vourliotakis;Athens;48 Satovriandou;104 37 Athens;ATTICA - ATHENS;CENTRAL GREECE;;;21-05236460;5244525;;;;;;;;;;;;16;;;;;;Jan-Dec;;;;30kms;;F;F;F;F;F;F;F;F;F;F;F;F;F;F;F;F;F;F;F;F;F;F;F;F;F;F;F;F;F;F;F;F;F;F;F;F;F;F;F;F;F;F;F;F;F;F;F;F;F;F;F;F;F;F;F;F
235;01734;152 32;OLYMPIC;HOTEL;C;2;2**;22;35;Dim.Melitas & Co;Halandri;1 Souri;152 32 Halandri;ATTICA - REST OF ATTICA;CENTRAL GREECE;;;21-06813430;6813757;;;21-06890195;;;;;;;;;;60,00 & 70,00;;;10,00 & 12,00;;Jan-Dec;12kms;15kms;10kms;25kms;800m;F;F;F;F;F;F;F;F;F;F;F;F;F;F;F;F;F;F;F;F;F;F;F;T;F;T;T;F;F;F;F;F;F;F;F;F;F;F;F;F;F;F;F;F;F;F;F;T;F;F;F;F;F;F;F;F
236;01735;420 36;PINDOS;HOTEL;D;1;1*;6;12;Chr.Papapoulios;Kastania;8 Agiou Georgiou;420 36 Kastania;TRIKALA;THESSALIA;;;2432-061219;;;;;;;;;;;;;20;;;;;;Jan-Dec;;;;;;F;F;F;F;F;F;F;F;F;F;F;F;F;F;F;F;F;F;F;F;F;F;F;F;F;F;F;F;F;F;F;F;F;F;F;F;F;F;F;F;F;F;F;F;F;F;F;F;F;F;F;F;F;F;F;F
237;01739;454 44;TOURIST;HOTEL;C;2;2**;29;57;Magdalini-Maria Moussiou;Ioannina;18 Koleti;454 44 Ioannina;IOANNINA;EPIRUS;;;2651-026443;25070;;;2651-020002;;;;;;;;45;;55;;;;;Jan-Dec;;;;5kms;3kms;T;F;F;F;F;F;F;F;F;F;F;F;F;F;F;F;F;F;F;F;F;F;F;F;F;F;F;F;F;F;F;F;F;F;F;F;F;F;F;F;F;F;F;T;F;F;F;F;F;T;F;F;F;F;F;F
238;01740;203 00;DAVARINOS;HOTEL;D;1;1*;10;23;Angeliki Giovanis;Loutraki;3 Geraniou;203 00 Loutraki;KORINTHIA;PELOPONNESE;;;2744-022233;;;;;;21-08618383;;;;;;;;28;;;;;Apr-Oct;40m;150m;;86kms;700m;F;F;F;F;F;F;F;F;F;F;F;F;F;F;F;F;F;F;F;F;F;F;F;F;F;F;F;F;F;F;F;F;F;F;F;F;F;F;F;F;F;F;F;F;F;F;F;F;F;F;F;F;F;F;F;F
239;01745;240 01;MIRAMARE;HOTEL;B;3;3***;16;30;Andr.Houmas;Pylos;;240 01 Pylos;MESSINIA;PELOPONNESE;;;2723-022751;;;;2723-022226;;;;mmpylos@otenet.gr;;;;50,00 & 60,00;;60,00 & 70,00;;;7,00 & 8,00;8,00 & 10,00;Apr-Oct;5m;50kms;;43kms;100m;T;F;T;T;F;F;F;F;F;F;F;F;F;T;F;F;F;F;F;F;F;F;F;T;F;F;T;F;F;F;F;F;F;F;F;F;F;F;F;F;F;F;F;T;F;F;T;T;F;T;F;F;F;F;F;F
240;01747;841 00;HERMES;HOTEL;B;3;3***;69;130;Ermis (S.A.);Ermoupolis;Platia Kanari;841 00 Siros;CYCLADES ISLANDS;CYCLADES;SIROS;;2281-083011/12;88011;;;2281-087412;;;;;;;;53,00 - 56,00;;75,00 - 95,00;;;6,00 & 8,00;14,00 & 18,00;Jan-Dec;;;;;;F;T;T;F;F;F;F;F;F;F;F;F;F;F;F;F;F;F;F;F;F;F;F;T;F;F;F;F;F;F;F;F;F;F;F;F;F;F;F;F;F;F;F;F;F;F;F;F;F;F;F;F;F;F;F;F
241;01752;166 75;ILION;HOTEL;C;2;C'CLASS;34;60;V.Papamihalopoulos-P.Pakos Ltd;Glifada;4 G. Kondili;166 75 Glifada;ATTICA - REST OF ATTICA;CENTRAL GREECE;;;21-08946011;8946075;;;21-08944629;;;;;;;;;;;;;;;Apr-Oct;300m;;;;;F;F;T;F;F;F;F;F;F;F;F;F;F;F;F;F;F;F;F;F;F;F;F;T;F;F;F;F;F;F;F;F;F;F;F;F;F;F;F;F;F;F;F;F;F;F;F;F;F;F;F;F;F;F;F;F
242;01755;104 31;ILION;HOTEL;B;3;3***;104;165;G.S.P.Hotel & Tourist Enterpsises Ltd;Athens;7 Agiou Konstantinou;104 31 Athens;ATTICA - ATHENS;CENTRAL GREECE;;;21-05237411/14;;;;21-05237415;;;;hotelilion@urnet.gr;www.hotelilion.gr;;;;;;;;;;Jan-Dec;15kms;8kms;;30kms;300m;F;T;F;F;F;F;F;F;F;F;F;F;F;F;F;F;F;F;F;F;F;F;F;F;F;F;F;F;F;F;F;F;F;F;F;F;F;F;F;F;F;F;F;F;F;F;F;T;F;F;F;F;F;F;F;F
243;01759;681 00;MOTEL ASTIR;MOTEL;A;4;4****;52;97;Astir (S.A.);Alexandroupolis;Democratias Ave.;681 00 Alexandroupolis;EVROS (Incl. Samothraki Island);THRAKI;;;2551-026448;26710;21-03234854;;2551-024651;;;;jv@astir.gr;;*;;73,00 - 85,00;;81,00 - 104,00;180;;11;22;Jan-Dec;30m;1km;;7kms;500m;T;F;T;F;F;F;F;F;F;F;F;F;F;T;F;F;F;F;F;T;F;F;F;T;F;F;F;F;F;F;T;F;F;F;F;T;F;F;F;F;F;F;F;F;F;F;T;T;F;T;F;F;F;F;F;F
244;01764;210 51;HERMIONI;HOTEL;D;1;1*;5;11;An.Georgiou;Ermioni;;210 51 Ermioni;ARGOLIDA;PELOPONNESE;;;2754-031219;31885;;;;;;;;;;;;;;;;;;Jan-Dec;1km;50m;;200kms;8kms;F;F;F;F;F;F;F;F;F;F;F;F;F;F;F;F;F;F;F;F;F;F;F;F;F;F;F;F;F;F;F;F;F;F;F;F;F;F;F;F;F;F;F;F;F;F;F;F;F;F;F;F;F;F;F;F
245;01765;185 31;IONION;HOTEL;C;2;2**;19;41;Pan.Saxionis;Pireas;10 Kapodistriou;185 31 Pireas;ATTICA - PIRAEUS;CENTRAL GREECE;;;21-04110820;4177537;;;21-04110613;;;;;;;;65;;95;;;7;;Jan-Dec;2kms;50m;;40kms;3kms;T;F;F;T;F;F;F;F;F;F;F;F;F;F;F;F;F;F;F;F;F;F;F;T;F;F;F;F;F;F;F;F;F;F;F;F;F;F;F;F;F;F;T;F;F;F;F;T;F;T;F;F;F;F;F;F
246;01766;303 00;AMARYLLIS;HOTEL;D;1;1*;18;28;Angeliki Korgialas;Nafpaktos;3 Platia Limenos;303 00 Nafpaktos;ETOLOAKARNANIA;CENTRAL GREECE;;;2634-027237;27471;;;;;;;;;;;20;;30;;;;;Jan-Dec;100m;100m;;;2kms;F;F;F;F;F;F;F;F;F;F;F;F;F;F;F;F;F;F;F;F;F;F;F;F;F;F;F;F;F;F;F;F;F;F;F;F;F;F;F;F;F;F;F;F;F;F;F;F;F;F;F;F;F;F;F;F
247;01767;723 00;CRYSTAL;HOTEL;C;2;2**;41;75;Ekaterinides (S.A.);Sitia;17 Kapetan Sifi;723 00 Lassithiou;LASSITHI;CRETE;CRETE;;2843-022284;28484;;;2843-028644;;21-08030736;21-08030736;hkrystal@otenet.gr;www.ekaterinidis-hotels.com;;;40,00 & 45,00;;45,00 & 55,00;;;6;;Jan-Dec;50m;1000m;;3Kms;2Kms;F;T;F;T;F;F;F;F;F;F;F;F;T;F;F;F;F;F;F;F;F;F;F;T;F;F;F;F;F;F;F;F;F;F;F;F;F;F;F;F;F;T;T;T;F;T;F;T;F;T;F;F;F;F;F;F
248;01771;104 32;LITO;HOTEL;D;1;1*;16;31;Lito Ltd;Athens;40 Kapodistriou;104 32 Athens;ATTICA - ATHENS;CENTRAL GREECE;;;21-05233780;;;;21-05233780;;;;;;;;35,00 - 50,00;;50,00 - 60,00;;;;;Jan-Dec;;;;30kms;;T;F;F;F;F;F;F;F;F;F;F;F;F;F;F;F;F;F;F;F;F;F;F;F;F;F;F;F;F;F;F;F;F;F;F;F;F;F;F;F;F;F;F;T;F;F;F;T;F;T;F;F;F;F;F;F
249;01772;281 00;TOURIST;HOTEL;C;2;2**;22;38;Constantina Haritou-Iak.Niforatos;Argostoli;74 A. Tritsi;281 00 Kefalonia;KEFALONIA;IONIAN ISLANDS;KEFALONIA;;2671-022510;23034;22590;;2671-022510;;;;htourist@hol.gr;;;;45,00 & 55,00;;55,00 & 80,00;;;5;;Jan-Dec;2km;500m;;8kms;1km;T;F;F;T;F;F;F;F;F;F;F;F;F;F;F;F;F;F;F;F;F;F;F;F;F;F;T;F;F;F;F;F;F;F;F;F;F;F;F;F;F;T;F;T;F;T;F;T;T;T;F;F;F;F;F;F
